stat,minutes_bucket,pred_bucket,n,mean_pred,mean_actual,mae,bias,rmse,beat_projection_rate,beat_baseline_rate
ast,<=16,11+,0,,,,,,,
ast,<=16,11-12,0,,,,,,,
ast,<=16,11-15,0,,,,,,,
ast,<=16,13+,0,,,,,,,
ast,<=16,16-20,0,,,,,,,
ast,<=16,2,0,,,,,,,
ast,<=16,21-25,0,,,,,,,
ast,<=16,26-30,0,,,,,,,
ast,<=16,3,0,,,,,,,
ast,<=16,3-4,15,2.7138015225636485,2.533333333333333,1.423531512119311,-0.1804681892303152,1.5464378976523483,0.4,0.4666666666666667
ast,<=16,31+,0,,,,,,,
ast,<=16,4,0,,,,,,,
ast,<=16,5,0,,,,,,,
ast,<=16,5-6,0,,,,,,,
ast,<=16,7-8,0,,,,,,,
ast,<=16,9-10,0,,,,,,,
ast,<=16,<=1,0,,,,,,,
ast,<=16,<=10,0,,,,,,,
ast,<=16,<=2,98,1.0838583830613955,1.2959183673469388,1.0309714380703494,0.21205998428554318,1.589818711999147,0.5510204081632653,0.5306122448979592
ast,<=16,<=4,0,,,,,,,
ast,17-24,11+,0,,,,,,,
ast,17-24,11-12,0,,,,,,,
ast,17-24,11-15,0,,,,,,,
ast,17-24,13+,0,,,,,,,
ast,17-24,16-20,0,,,,,,,
ast,17-24,2,0,,,,,,,
ast,17-24,21-25,0,,,,,,,
ast,17-24,26-30,0,,,,,,,
ast,17-24,3,0,,,,,,,
ast,17-24,3-4,82,2.69629258034465,2.9390243902439024,1.7967748645334691,0.24273180989925272,2.233268951251156,0.45121951219512196,0.4878048780487805
ast,17-24,31+,0,,,,,,,
ast,17-24,4,0,,,,,,,
ast,17-24,5,0,,,,,,,
ast,17-24,5-6,17,4.839751760773059,4.764705882352941,2.1815937222750645,-0.0750458784201176,2.6062463603989183,0.47058823529411764,0.7058823529411765
ast,17-24,7-8,0,,,,,,,
ast,17-24,9-10,0,,,,,,,
ast,17-24,<=1,0,,,,,,,
ast,17-24,<=10,0,,,,,,,
ast,17-24,<=2,197,1.2996073740935163,1.2944162436548223,0.9151226173383673,-0.005191130438693817,1.1927378141692937,0.43147208121827413,0.4873096446700508
ast,17-24,<=4,0,,,,,,,
ast,25-30,11+,0,,,,,,,
ast,25-30,11-12,0,,,,,,,
ast,25-30,11-15,0,,,,,,,
ast,25-30,13+,0,,,,,,,
ast,25-30,16-20,0,,,,,,,
ast,25-30,2,0,,,,,,,
ast,25-30,21-25,0,,,,,,,
ast,25-30,26-30,0,,,,,,,
ast,25-30,3,0,,,,,,,
ast,25-30,3-4,94,2.8532243498215935,3.0531914893617023,1.6788749272771064,0.19996713954010886,2.081397713351707,0.48936170212765956,0.425531914893617
ast,25-30,31+,0,,,,,,,
ast,25-30,4,0,,,,,,,
ast,25-30,5,0,,,,,,,
ast,25-30,5-6,35,4.918605069360597,5.142857142857143,2.303120339201342,0.22425207349654605,2.7063273552526472,0.5428571428571428,0.45714285714285713
ast,25-30,7-8,0,,,,,,,
ast,25-30,9-10,2,9.450633466513061,9.5,0.47798702653359815,0.0493665334869382,0.4805295538912749,0.5,1.0
ast,25-30,<=1,0,,,,,,,
ast,25-30,<=10,0,,,,,,,
ast,25-30,<=2,137,1.550025454709135,1.6496350364963503,1.087543422085208,0.09960958178721532,1.3781337596130812,0.46715328467153283,0.49635036496350365
ast,25-30,<=4,0,,,,,,,
ast,31-36,11+,10,11.079999546860549,9.3,3.7518997919646053,-1.7799995468605494,4.186088384807175,0.2,0.3
ast,31-36,11-12,0,,,,,,,
ast,31-36,11-15,0,,,,,,,
ast,31-36,13+,0,,,,,,,
ast,31-36,16-20,0,,,,,,,
ast,31-36,2,0,,,,,,,
ast,31-36,21-25,0,,,,,,,
ast,31-36,26-30,0,,,,,,,
ast,31-36,3,0,,,,,,,
ast,31-36,3-4,114,2.7461971518167823,2.8859649122807016,1.3415379179104479,0.13976776046391942,1.7107432623977723,0.4473684210526316,0.4473684210526316
ast,31-36,31+,0,,,,,,,
ast,31-36,4,0,,,,,,,
ast,31-36,5,0,,,,,,,
ast,31-36,5-6,87,5.011093015088999,4.988505747126437,1.9186306037262342,-0.02258726796256246,2.383225514425862,0.47126436781609193,0.4367816091954023
ast,31-36,7-8,24,6.771862076604939,7.625,2.3789535285227905,0.8531379233950611,3.0069897607867686,0.6666666666666666,0.5
ast,31-36,9-10,10,8.819592347808417,9.8,2.89467900491472,0.9804076521915835,3.8259010755793463,0.5,0.7
ast,31-36,<=1,0,,,,,,,
ast,31-36,<=10,0,,,,,,,
ast,31-36,<=2,62,1.748147333331187,1.8870967741935485,1.1847922006320122,0.1389494408623614,1.4179119492406163,0.5483870967741935,0.532258064516129
ast,31-36,<=4,0,,,,,,,
ast,37+,11+,0,,,,,,,
ast,37+,11-12,0,,,,,,,
ast,37+,11-15,0,,,,,,,
ast,37+,13+,0,,,,,,,
ast,37+,16-20,0,,,,,,,
ast,37+,2,0,,,,,,,
ast,37+,21-25,0,,,,,,,
ast,37+,26-30,0,,,,,,,
ast,37+,3,0,,,,,,,
ast,37+,3-4,23,3.291223578540328,3.347826086956522,1.7850886099522019,0.056602508416193756,2.106248448409425,0.43478260869565216,0.4782608695652174
ast,37+,31+,0,,,,,,,
ast,37+,4,0,,,,,,,
ast,37+,5,0,,,,,,,
ast,37+,5-6,31,5.078271028114376,5.064516129032258,1.7846318372570127,-0.01375489908211766,2.2143792093447563,0.5806451612903226,0.41935483870967744
ast,37+,7-8,22,6.613937030228393,6.636363636363637,2.6310355837658923,0.02242660613524381,3.0778822025150476,0.5,0.4090909090909091
ast,37+,9-10,0,,,,,,,
ast,37+,<=1,0,,,,,,,
ast,37+,<=10,0,,,,,,,
ast,37+,<=2,5,1.8226620207127926,1.4,0.9891496951421406,-0.4226620207127926,1.2276256771960279,0.6,0.6
ast,37+,<=4,0,,,,,,,
ast,,11+,2,10.981426371403817,8.5,2.481426371403817,-2.481426371403817,2.4814279726363564,0.0,0.5
ast,,11-12,0,,,,,,,
ast,,11-15,0,,,,,,,
ast,,13+,0,,,,,,,
ast,,16-20,0,,,,,,,
ast,,2,0,,,,,,,
ast,,21-25,0,,,,,,,
ast,,26-30,0,,,,,,,
ast,,3,0,,,,,,,
ast,,3-4,156,2.769780413272459,2.7243589743589745,1.77253686800812,-0.04542143891348459,2.246173292589329,0.42948717948717946,0.4166666666666667
ast,,31+,0,,,,,,,
ast,,4,0,,,,,,,
ast,,5,0,,,,,,,
ast,,5-6,55,4.893691475472383,4.818181818181818,1.7977037914130407,-0.07550965729056469,2.2048940147076936,0.43636363636363634,0.41818181818181815
ast,,7-8,18,7.137696141051387,7.611111111111111,2.7223302016988935,0.4734149700597241,3.2465960115066426,0.5555555555555556,0.4444444444444444
ast,,9-10,16,8.662743562797655,7.5625,3.1641304228315206,-1.1002435627976541,3.8207623058500872,0.25,0.375
ast,,<=1,0,,,,,,,
ast,,<=10,0,,,,,,,
ast,,<=2,228,1.4013654310572055,1.25,1.0455760339364355,-0.15136543105720543,1.3376940973720142,0.39473684210526316,0.4473684210526316
ast,,<=4,0,,,,,,,
fg3,<=16,11+,0,,,,,,,
fg3,<=16,11-12,0,,,,,,,
fg3,<=16,11-15,0,,,,,,,
fg3,<=16,13+,0,,,,,,,
fg3,<=16,16-20,0,,,,,,,
fg3,<=16,2,30,1.2919865363916563,1.0666666666666667,0.986004172001113,-0.2253198697249896,1.1700238859536543,0.3,0.43333333333333335
fg3,<=16,21-25,0,,,,,,,
fg3,<=16,26-30,0,,,,,,,
fg3,<=16,3,1,2.2313499495911806,2.0,0.2313499495911806,-0.2313499495911806,0.2313499495911806,0.0,1.0
fg3,<=16,3-4,0,,,,,,,
fg3,<=16,31+,0,,,,,,,
fg3,<=16,4,0,,,,,,,
fg3,<=16,5,0,,,,,,,
fg3,<=16,5-6,0,,,,,,,
fg3,<=16,7-8,0,,,,,,,
fg3,<=16,9-10,0,,,,,,,
fg3,<=16,<=1,82,0.48611181257250213,0.573170731707317,0.5656105091783958,0.08705891913481498,0.8984187273254975,0.4268292682926829,0.5609756097560976
fg3,<=16,<=10,0,,,,,,,
fg3,<=16,<=2,0,,,,,,,
fg3,<=16,<=4,0,,,,,,,
fg3,17-24,11+,0,,,,,,,
fg3,17-24,11-12,0,,,,,,,
fg3,17-24,11-15,0,,,,,,,
fg3,17-24,13+,0,,,,,,,
fg3,17-24,16-20,0,,,,,,,
fg3,17-24,2,141,1.4322267087526175,1.553191489361702,1.1833397057159198,0.12096478060908468,1.5836899139928617,0.3829787234042553,0.4326241134751773
fg3,17-24,21-25,0,,,,,,,
fg3,17-24,26-30,0,,,,,,,
fg3,17-24,3,19,2.238838628913551,1.5789473684210527,1.1984531638664058,-0.6598912604924984,1.41292795295089,0.2631578947368421,0.2631578947368421
fg3,17-24,3-4,0,,,,,,,
fg3,17-24,31+,0,,,,,,,
fg3,17-24,4,2,3.2466722604087037,2.0,1.2466722604087037,-1.2466722604087037,1.6196741532344714,0.0,0.5
fg3,17-24,5,0,,,,,,,
fg3,17-24,5-6,0,,,,,,,
fg3,17-24,7-8,0,,,,,,,
fg3,17-24,9-10,0,,,,,,,
fg3,17-24,<=1,134,0.4653336785446515,0.5746268656716418,0.5917975194096045,0.10929318712699028,0.9060718981262735,0.417910447761194,0.4552238805970149
fg3,17-24,<=10,0,,,,,,,
fg3,17-24,<=2,0,,,,,,,
fg3,17-24,<=4,0,,,,,,,
fg3,25-30,11+,0,,,,,,,
fg3,25-30,11-12,0,,,,,,,
fg3,25-30,11-15,0,,,,,,,
fg3,25-30,13+,0,,,,,,,
fg3,25-30,16-20,0,,,,,,,
fg3,25-30,2,166,1.4704199956348714,1.5120481927710843,1.169630940848417,0.04162819713621287,1.4963922766335345,0.3795180722891566,0.39156626506024095
fg3,25-30,21-25,0,,,,,,,
fg3,25-30,26-30,0,,,,,,,
fg3,25-30,3,36,2.3275694864634127,2.388888888888889,1.4734704971736792,0.061319402425475907,1.7953347395186265,0.4444444444444444,0.4722222222222222
fg3,25-30,3-4,0,,,,,,,
fg3,25-30,31+,0,,,,,,,
fg3,25-30,4,8,3.3764804766175622,2.75,1.663332744516552,-0.6264804766175623,1.8838662886892155,0.375,0.375
fg3,25-30,5,0,,,,,,,
fg3,25-30,5-6,0,,,,,,,
fg3,25-30,7-8,0,,,,,,,
fg3,25-30,9-10,0,,,,,,,
fg3,25-30,<=1,58,0.3551663884930221,0.5344827586206896,0.4815181061610891,0.17931637012766755,0.8384472059547257,0.41379310344827586,0.7068965517241379
fg3,25-30,<=10,0,,,,,,,
fg3,25-30,<=2,0,,,,,,,
fg3,25-30,<=4,0,,,,,,,
fg3,31-36,11+,0,,,,,,,
fg3,31-36,11-12,0,,,,,,,
fg3,31-36,11-15,0,,,,,,,
fg3,31-36,13+,0,,,,,,,
fg3,31-36,16-20,0,,,,,,,
fg3,31-36,2,159,1.555086508583529,1.7358490566037736,1.1809567530203053,0.1807625480202446,1.4144563235654124,0.49056603773584906,0.4591194968553459
fg3,31-36,21-25,0,,,,,,,
fg3,31-36,26-30,0,,,,,,,
fg3,31-36,3,73,2.355098254309747,2.287671232876712,1.2395457136881254,-0.06742702143303476,1.5527246099589205,0.3698630136986301,0.3424657534246575
fg3,31-36,3-4,0,,,,,,,
fg3,31-36,31+,0,,,,,,,
fg3,31-36,4,23,3.360956415837638,4.043478260869565,1.5191709982803412,0.6825218450319269,1.8393450254497141,0.6956521739130435,0.5652173913043478
fg3,31-36,5,3,4.16843398587801,3.0,1.1684339858780095,-1.1684339858780095,1.4235687140151523,0.0,0.3333333333333333
fg3,31-36,5-6,0,,,,,,,
fg3,31-36,7-8,0,,,,,,,
fg3,31-36,9-10,0,,,,,,,
fg3,31-36,<=1,49,0.43027752696978033,0.5918367346938775,0.47870103636193895,0.16155920772409726,0.7971357135910251,0.6326530612244898,0.6326530612244898
fg3,31-36,<=10,0,,,,,,,
fg3,31-36,<=2,0,,,,,,,
fg3,31-36,<=4,0,,,,,,,
fg3,37+,11+,0,,,,,,,
fg3,37+,11-12,0,,,,,,,
fg3,37+,11-15,0,,,,,,,
fg3,37+,13+,0,,,,,,,
fg3,37+,16-20,0,,,,,,,
fg3,37+,2,19,1.4944048711107798,1.368421052631579,0.8867404045591135,-0.12598381847920082,1.0596271472741854,0.42105263157894735,0.47368421052631576
fg3,37+,21-25,0,,,,,,,
fg3,37+,26-30,0,,,,,,,
fg3,37+,3,40,2.391430060285521,2.3,1.414147703834081,-0.0914300602855209,1.7401667031758286,0.4,0.425
fg3,37+,3-4,0,,,,,,,
fg3,37+,31+,0,,,,,,,
fg3,37+,4,20,3.4669649516112164,3.7,1.7008744574764463,0.23303504838878347,2.3232432764501154,0.4,0.4
fg3,37+,5,0,,,,,,,
fg3,37+,5-6,0,,,,,,,
fg3,37+,7-8,0,,,,,,,
fg3,37+,9-10,0,,,,,,,
fg3,37+,<=1,2,0.7810517383574511,2.0,1.218948261642549,1.218948261642549,1.6429576772610448,1.0,0.5
fg3,37+,<=10,0,,,,,,,
fg3,37+,<=2,0,,,,,,,
fg3,37+,<=4,0,,,,,,,
fg3,,11+,0,,,,,,,
fg3,,11-12,0,,,,,,,
fg3,,11-15,0,,,,,,,
fg3,,13+,0,,,,,,,
fg3,,16-20,0,,,,,,,
fg3,,2,270,1.4386182983214006,1.474074074074074,1.0962582201795925,0.03545577575267349,1.3640737215779541,0.4111111111111111,0.44814814814814813
fg3,,21-25,0,,,,,,,
fg3,,26-30,0,,,,,,,
fg3,,3,47,2.4000734638234213,2.4468085106382977,1.3812355917424728,0.046735046814876384,1.7401479777167659,0.46808510638297873,0.3617021276595745
fg3,,3-4,0,,,,,,,
fg3,,31+,0,,,,,,,
fg3,,4,8,3.2500933692430887,3.75,1.3972099079580822,0.49990663075691116,1.8543263268146217,0.5,0.5
fg3,,5,0,,,,,,,
fg3,,5-6,0,,,,,,,
fg3,,7-8,0,,,,,,,
fg3,,9-10,0,,,,,,,
fg3,,<=1,150,0.6498376402670836,0.4066666666666667,0.643129307646677,-0.2431709736004168,0.7663811237026711,0.28,0.49333333333333335
fg3,,<=10,0,,,,,,,
fg3,,<=2,0,,,,,,,
fg3,,<=4,0,,,,,,,
pts,<=16,11+,0,,,,,,,
pts,<=16,11-12,0,,,,,,,
pts,<=16,11-15,1,10.532525114860627,8.0,2.5325251148606274,-2.5325251148606274,2.5325251148606274,0.0,0.0
pts,<=16,13+,0,,,,,,,
pts,<=16,16-20,0,,,,,,,
pts,<=16,2,0,,,,,,,
pts,<=16,21-25,0,,,,,,,
pts,<=16,26-30,0,,,,,,,
pts,<=16,3,0,,,,,,,
pts,<=16,3-4,0,,,,,,,
pts,<=16,31+,0,,,,,,,
pts,<=16,4,0,,,,,,,
pts,<=16,5,0,,,,,,,
pts,<=16,5-6,0,,,,,,,
pts,<=16,7-8,0,,,,,,,
pts,<=16,9-10,0,,,,,,,
pts,<=16,<=1,0,,,,,,,
pts,<=16,<=10,112,5.673137138595484,6.080357142857143,3.785719332019853,0.40722000426165905,5.15680272144071,0.45535714285714285,0.5446428571428571
pts,<=16,<=2,0,,,,,,,
pts,<=16,<=4,0,,,,,,,
pts,17-24,11+,0,,,,,,,
pts,17-24,11-12,0,,,,,,,
pts,17-24,11-15,67,11.63406600044037,8.880597014925373,5.322567618763208,-2.7534689855149987,6.6700357210326215,0.19402985074626866,0.3283582089552239
pts,17-24,13+,0,,,,,,,
pts,17-24,16-20,0,,,,,,,
pts,17-24,2,0,,,,,,,
pts,17-24,21-25,0,,,,,,,
pts,17-24,26-30,0,,,,,,,
pts,17-24,3,0,,,,,,,
pts,17-24,3-4,0,,,,,,,
pts,17-24,31+,0,,,,,,,
pts,17-24,4,0,,,,,,,
pts,17-24,5,0,,,,,,,
pts,17-24,5-6,0,,,,,,,
pts,17-24,7-8,0,,,,,,,
pts,17-24,9-10,0,,,,,,,
pts,17-24,<=1,0,,,,,,,
pts,17-24,<=10,229,7.028346435124109,7.903930131004367,4.055948865811415,0.8755836958802576,5.584492197992442,0.4890829694323144,0.4890829694323144
pts,17-24,<=2,0,,,,,,,
pts,17-24,<=4,0,,,,,,,
pts,25-30,11+,0,,,,,,,
pts,25-30,11-12,0,,,,,,,
pts,25-30,11-15,127,11.950785918802637,11.960629921259843,5.5195683558689685,0.009844002457204789,6.763006050404414,0.4645669291338583,0.48031496062992124
pts,25-30,13+,0,,,,,,,
pts,25-30,16-20,39,17.204107660494454,13.820512820512821,6.605739719791563,-3.3835948399816336,7.9756668859645306,0.358974358974359,0.3333333333333333
pts,25-30,2,0,,,,,,,
pts,25-30,21-25,4,21.465064356660463,18.5,2.965064356660461,-2.965064356660461,3.444358174475573,0.0,0.0
pts,25-30,26-30,0,,,,,,,
pts,25-30,3,0,,,,,,,
pts,25-30,3-4,0,,,,,,,
pts,25-30,31+,0,,,,,,,
pts,25-30,4,0,,,,,,,
pts,25-30,5,0,,,,,,,
pts,25-30,5-6,0,,,,,,,
pts,25-30,7-8,0,,,,,,,
pts,25-30,9-10,0,,,,,,,
pts,25-30,<=1,0,,,,,,,
pts,25-30,<=10,98,8.003169891536054,9.438775510204081,4.247495857996956,1.4356056186680275,5.899170262922885,0.5408163265306123,0.4897959183673469
pts,25-30,<=2,0,,,,,,,
pts,25-30,<=4,0,,,,,,,
pts,31-36,11+,0,,,,,,,
pts,31-36,11-12,0,,,,,,,
pts,31-36,11-15,84,12.017416958637089,12.464285714285714,5.21204138846048,0.44686875564862527,6.407500461214979,0.4642857142857143,0.47619047619047616
pts,31-36,13+,0,,,,,,,
pts,31-36,16-20,98,17.38502441830218,18.275510204081634,5.181733020902567,0.8904857857794534,6.732687023015209,0.5510204081632653,0.5612244897959183
pts,31-36,2,0,,,,,,,
pts,31-36,21-25,63,22.240749807878462,23.793650793650794,6.3253495013758725,1.5529009857723337,7.994321341972132,0.5555555555555556,0.5396825396825397
pts,31-36,26-30,19,27.074303545700303,30.263157894736842,7.675745727740817,3.1888543490365393,9.350698460723702,0.5789473684210527,0.5789473684210527
pts,31-36,3,0,,,,,,,
pts,31-36,3-4,0,,,,,,,
pts,31-36,31+,4,32.550017932046615,30.75,1.9670716507707402,-1.8000179320466136,3.1443251167613857,0.25,0.25
pts,31-36,4,0,,,,,,,
pts,31-36,5,0,,,,,,,
pts,31-36,5-6,0,,,,,,,
pts,31-36,7-8,0,,,,,,,
pts,31-36,9-10,0,,,,,,,
pts,31-36,<=1,0,,,,,,,
pts,31-36,<=10,39,9.07348629207504,9.871794871794872,3.7073918629623086,0.7983085797198303,4.913337896439888,0.5128205128205128,0.3076923076923077
pts,31-36,<=2,0,,,,,,,
pts,31-36,<=4,0,,,,,,,
pts,37+,11+,0,,,,,,,
pts,37+,11-12,0,,,,,,,
pts,37+,11-15,6,13.986844307934845,17.166666666666668,3.7871587456616713,3.179822358731822,4.463974680023649,0.8333333333333334,0.6666666666666666
pts,37+,13+,0,,,,,,,
pts,37+,16-20,26,17.57693495839517,15.153846153846153,6.72124416749542,-2.4230888045490184,8.054009665171781,0.34615384615384615,0.23076923076923078
pts,37+,2,0,,,,,,,
pts,37+,21-25,23,22.25654973711055,19.869565217391305,5.969211449311293,-2.386984519719244,7.416663630333161,0.34782608695652173,0.34782608695652173
pts,37+,26-30,19,27.737051808627466,30.68421052631579,6.4946213725013235,2.9471587176883225,9.17316016256551,0.5789473684210527,0.7894736842105263
pts,37+,3,0,,,,,,,
pts,37+,3-4,0,,,,,,,
pts,37+,31+,7,32.037332570861864,25.142857142857142,6.894475428004725,-6.894475428004725,7.939210373212647,0.0,0.2857142857142857
pts,37+,4,0,,,,,,,
pts,37+,5,0,,,,,,,
pts,37+,5-6,0,,,,,,,
pts,37+,7-8,0,,,,,,,
pts,37+,9-10,0,,,,,,,
pts,37+,<=1,0,,,,,,,
pts,37+,<=10,0,,,,,,,
pts,37+,<=2,0,,,,,,,
pts,37+,<=4,0,,,,,,,
pts,,11+,0,,,,,,,
pts,,11-12,0,,,,,,,
pts,,11-15,144,12.078015695750462,11.583333333333334,5.020980193263391,-0.49468236241712965,6.37980775277058,0.4166666666666667,0.4583333333333333
pts,,13+,0,,,,,,,
pts,,16-20,54,17.43515820822236,19.296296296296298,6.80486739077287,1.8611380880739328,8.315097349892246,0.5740740740740741,0.46296296296296297
pts,,2,0,,,,,,,
pts,,21-25,40,21.782313055076894,22.3,5.863074737549849,0.5176869449231062,6.862354785524855,0.55,0.425
pts,,26-30,6,26.662389365796155,20.833333333333332,9.238556205419533,-5.82905603246282,10.349545725470263,0.16666666666666666,0.16666666666666666
pts,,3,0,,,,,,,
pts,,3-4,0,,,,,,,
pts,,31+,0,,,,,,,
pts,,4,0,,,,,,,
pts,,5,0,,,,,,,
pts,,5-6,0,,,,,,,
pts,,7-8,0,,,,,,,
pts,,9-10,0,,,,,,,
pts,,<=1,0,,,,,,,
pts,,<=10,231,7.409268281848964,5.813852813852814,4.101075264467773,-1.59541546799615,4.856275482305257,0.3463203463203463,0.45021645021645024
pts,,<=2,0,,,,,,,
pts,,<=4,0,,,,,,,
reb,<=16,11+,0,,,,,,,
reb,<=16,11-12,0,,,,,,,
reb,<=16,11-15,0,,,,,,,
reb,<=16,13+,0,,,,,,,
reb,<=16,16-20,0,,,,,,,
reb,<=16,2,0,,,,,,,
reb,<=16,21-25,0,,,,,,,
reb,<=16,26-30,0,,,,,,,
reb,<=16,3,0,,,,,,,
reb,<=16,3-4,0,,,,,,,
reb,<=16,31+,0,,,,,,,
reb,<=16,4,0,,,,,,,
reb,<=16,5,0,,,,,,,
reb,<=16,5-6,21,4.801184661402213,4.380952380952381,2.202050174868023,-0.4202322804498317,2.6390112470735296,0.3333333333333333,0.38095238095238093
reb,<=16,7-8,3,6.635593651625954,7.0,2.778773166039891,0.36440634837404556,3.1656385011495276,0.3333333333333333,0.6666666666666666
reb,<=16,9-10,0,,,,,,,
reb,<=16,<=1,0,,,,,,,
reb,<=16,<=10,0,,,,,,,
reb,<=16,<=2,0,,,,,,,
reb,<=16,<=4,89,2.620851274594006,2.662921348314607,1.658691293451335,0.04207007372060088,2.150534687421823,0.38202247191011235,0.5168539325842697
reb,17-24,11+,0,,,,,,,
reb,17-24,11-12,0,,,,,,,
reb,17-24,11-15,0,,,,,,,
reb,17-24,13+,0,,,,,,,
reb,17-24,16-20,0,,,,,,,
reb,17-24,2,0,,,,,,,
reb,17-24,21-25,0,,,,,,,
reb,17-24,26-30,0,,,,,,,
reb,17-24,3,0,,,,,,,
reb,17-24,3-4,0,,,,,,,
reb,17-24,31+,0,,,,,,,
reb,17-24,4,0,,,,,,,
reb,17-24,5,0,,,,,,,
reb,17-24,5-6,56,4.798686072684084,4.196428571428571,2.175257449687608,-0.6022575012555121,2.7322332173760038,0.32142857142857145,0.375
reb,17-24,7-8,26,6.986986153214594,6.6923076923076925,2.827599354634983,-0.2946784609069016,3.9472535519781524,0.3076923076923077,0.3076923076923077
reb,17-24,9-10,10,8.735616774765038,7.7,1.7565091729584323,-1.0356167747650384,2.3252351462508245,0.3,0.3
reb,17-24,<=1,0,,,,,,,
reb,17-24,<=10,0,,,,,,,
reb,17-24,<=2,0,,,,,,,
reb,17-24,<=4,204,3.0508210794455106,2.656862745098039,1.6409759268441424,-0.39395833434747146,2.0652009422804247,0.35784313725490197,0.43137254901960786
reb,25-30,11+,0,,,,,,,
reb,25-30,11-12,8,10.802278127420982,11.875,4.261351177482528,1.072721872579018,5.301721796822482,0.625,0.75
reb,25-30,11-15,0,,,,,,,
reb,25-30,13+,3,13.176033775866378,12.333333333333334,2.8162017150460805,-0.8427004425330438,3.4604130054657833,0.3333333333333333,0.3333333333333333
reb,25-30,16-20,0,,,,,,,
reb,25-30,2,0,,,,,,,
reb,25-30,21-25,0,,,,,,,
reb,25-30,26-30,0,,,,,,,
reb,25-30,3,0,,,,,,,
reb,25-30,3-4,0,,,,,,,
reb,25-30,31+,0,,,,,,,
reb,25-30,4,0,,,,,,,
reb,25-30,5,0,,,,,,,
reb,25-30,5-6,106,4.775303589908842,4.433962264150943,2.1056274612243757,-0.3413413257578982,2.5187089484124594,0.37735849056603776,0.4056603773584906
reb,25-30,7-8,25,6.887581867052367,7.56,2.7108654503846155,0.6724181329476334,3.3592470798433722,0.64,0.48
reb,25-30,9-10,16,8.92815104459045,9.375,2.926730349108135,0.44684895540954983,3.809139077311841,0.625,0.4375
reb,25-30,<=1,0,,,,,,,
reb,25-30,<=10,0,,,,,,,
reb,25-30,<=2,0,,,,,,,
reb,25-30,<=4,110,3.353609088534522,3.290909090909091,1.5101221801089688,-0.0626999976254311,1.9403325096764419,0.4727272727272727,0.5272727272727272
reb,31-36,11+,0,,,,,,,
reb,31-36,11-12,21,10.917979823531482,12.571428571428571,3.9976388159769205,1.6534487478970898,4.558522544670206,0.6190476190476191,0.5714285714285714
reb,31-36,11-15,0,,,,,,,
reb,31-36,13+,9,12.81110119029862,12.777777777777779,3.9134828227482124,-0.03332341252084229,5.085807370782666,0.3333333333333333,0.6666666666666666
reb,31-36,16-20,0,,,,,,,
reb,31-36,2,0,,,,,,,
reb,31-36,21-25,0,,,,,,,
reb,31-36,26-30,0,,,,,,,
reb,31-36,3,0,,,,,,,
reb,31-36,3-4,0,,,,,,,
reb,31-36,31+,0,,,,,,,
reb,31-36,4,0,,,,,,,
reb,31-36,5,0,,,,,,,
reb,31-36,5-6,144,5.0434528927349325,5.118055555555555,2.1618000928922116,0.0746026628206233,2.6720614911859566,0.4583333333333333,0.5138888888888888
reb,31-36,7-8,56,6.751933473373712,6.785714285714286,2.738624652927087,0.03378081234057314,3.2918090034672054,0.42857142857142855,0.35714285714285715
reb,31-36,9-10,19,8.987554446174284,9.526315789473685,2.7424872860939127,0.5387613432994006,4.018950315820563,0.5263157894736842,0.47368421052631576
reb,31-36,<=1,0,,,,,,,
reb,31-36,<=10,0,,,,,,,
reb,31-36,<=2,0,,,,,,,
reb,31-36,<=4,58,3.3382550237999062,3.0517241379310347,1.3526128700380824,-0.28653088586887177,1.6956087009548755,0.3793103448275862,0.5344827586206896
reb,37+,11+,0,,,,,,,
reb,37+,11-12,2,10.92858064403799,10.0,5.186148808478264,-0.9285806440379885,5.26862424890621,0.5,0.5
reb,37+,11-15,0,,,,,,,
reb,37+,13+,3,12.880280716652743,17.666666666666668,6.626371619967844,4.786385950013922,9.07832144041133,0.6666666666666666,0.3333333333333333
reb,37+,16-20,0,,,,,,,
reb,37+,2,0,,,,,,,
reb,37+,21-25,0,,,,,,,
reb,37+,26-30,0,,,,,,,
reb,37+,3,0,,,,,,,
reb,37+,3-4,0,,,,,,,
reb,37+,31+,0,,,,,,,
reb,37+,4,0,,,,,,,
reb,37+,5,0,,,,,,,
reb,37+,5-6,34,4.967858949562813,3.3823529411764706,2.246930205720026,-1.5855060083863424,2.65652453680681,0.23529411764705882,0.2647058823529412
reb,37+,7-8,22,6.888287988759967,7.5,2.22628394896287,0.6117120112400323,2.7600724025485297,0.5454545454545454,0.5454545454545454
reb,37+,9-10,7,8.739435422808125,11.571428571428571,3.6538742540397644,2.831993148620446,4.231107145368774,0.7142857142857143,0.8571428571428571
reb,37+,<=1,0,,,,,,,
reb,37+,<=10,0,,,,,,,
reb,37+,<=2,0,,,,,,,
reb,37+,<=4,13,3.4893854706770497,3.1538461538461537,1.3948703629012225,-0.33553931683089594,1.7914332426666055,0.38461538461538464,0.46153846153846156
reb,,11+,0,,,,,,,
reb,,11-12,11,10.72192385997705,14.272727272727273,3.550803412750223,3.550803412750223,4.574155435281446,1.0,0.7272727272727273
reb,,11-15,0,,,,,,,
reb,,13+,1,12.969407256407372,10.0,2.969407256407372,-2.969407256407372,2.969407256407372,0.0,0.0
reb,,16-20,0,,,,,,,
reb,,2,0,,,,,,,
reb,,21-25,0,,,,,,,
reb,,26-30,0,,,,,,,
reb,,3,0,,,,,,,
reb,,3-4,0,,,,,,,
reb,,31+,0,,,,,,,
reb,,4,0,,,,,,,
reb,,5,0,,,,,,,
reb,,5-6,154,4.8271277931791605,4.266233766233766,2.054412779240532,-0.5608940269453944,2.582573941958057,0.36363636363636365,0.4025974025974026
reb,,7-8,74,6.623608881016726,6.581081081081081,2.9101997207711308,-0.042527799935645136,3.3604612867333743,0.4189189189189189,0.40540540540540543
reb,,9-10,15,9.054302837990946,10.0,2.692258408903898,0.9456971620090544,3.9562752240947834,0.5333333333333333,0.26666666666666666
reb,,<=1,0,,,,,,,
reb,,<=10,0,,,,,,,
reb,,<=2,0,,,,,,,
reb,,<=4,220,3.0044678499513084,2.272727272727273,1.6974345245570195,-0.731740577224036,2.0528653409702406,0.31363636363636366,0.4681818181818182
