game_date,player,team,opp,stat,pred_mean,baseline_mean,delta_mean,minutes_proj,dist_name,dispersion,is_eligible,eligibility_reason,model_name,model_version
2025-01-02,Al Horford,BOS,MIN,pts,7.992571160198656,11.67030303030303,-3.677731870104374,27.983333400000003,nbinom,0.05344975309597418,1,ok,pts_composed,v1
2025-01-02,Derrick White,BOS,MIN,pts,15.062944857365384,14.747747353048558,0.315197504316826,33.896666999999994,nbinom,0.05344975309597418,1,ok,pts_composed,v1
2025-01-02,Drew Peterson,BOS,MIN,pts,5.697704563205897,3.0000000000000004,2.6977045632058965,,nbinom,0.05344975309597418,0,minutes_lt_12,pts_composed,v1
2025-01-02,Jaylen Brown,BOS,MIN,pts,24.735597071796764,27.144242424242428,-2.4086453524456637,35.770000399999994,nbinom,0.05344975309597418,1,ok,pts_composed,v1
2025-01-02,Jayson Tatum,BOS,MIN,pts,21.345728467436032,28.299999999999997,-6.954271532563965,,nbinom,0.05344975309597418,0,minutes_lt_12,pts_composed,v1
2025-01-02,Jordan Walsh,BOS,MIN,pts,3.971551905716937,1.875,2.096551905716937,,nbinom,0.05344975309597418,0,minutes_lt_12|pred_mean_lt_5,pts_composed,v1
2025-01-02,Jrue Holiday,BOS,MIN,pts,9.991353020104583,12.296296296296298,-2.3049432761917146,,nbinom,0.05344975309597418,0,minutes_lt_12,pts_composed,v1
2025-01-02,Kristaps Porziņģis,BOS,MIN,pts,14.875967261486702,18.272727272727273,-3.3967600112405716,,nbinom,0.05344975309597418,0,minutes_lt_12,pts_composed,v1
2025-01-02,Luke Kornet,BOS,MIN,pts,3.4403254505159184,3.3857142857142857,0.05461116480163275,17.209999999999994,nbinom,0.05344975309597418,0,pred_mean_lt_5,pts_composed,v1
2025-01-02,Neemias Queta,BOS,MIN,pts,6.328315247781506,5.407407407407407,0.9209078403740989,,nbinom,0.05344975309597418,0,minutes_lt_12,pts_composed,v1
2025-01-02,Payton Pritchard,BOS,MIN,pts,13.387908180159103,14.428571428571429,-1.0406632484123257,27.316666599999998,nbinom,0.05344975309597418,1,ok,pts_composed,v1
2025-01-02,Sam Hauser,BOS,MIN,pts,6.66965513951769,5.145517241379311,1.5241378981383793,17.379999999999992,nbinom,0.05344975309597418,1,ok,pts_composed,v1
2025-01-02,Ben Simmons,BRK,MIL,pts,8.10471005254213,5.884615384615385,2.2200946679267446,,nbinom,0.05344975309597418,0,minutes_lt_12,pts_composed,v1
2025-01-02,D'Angelo Russell,BRK,MIL,pts,12.482851924493787,12.7,-0.21714807550621273,,nbinom,0.05344975309597418,0,minutes_lt_12,pts_composed,v1
2025-01-02,Andrew Wiggins,GSW,PHI,pts,14.188975136019373,14.696793500338526,-0.507818364319153,31.859999800000004,nbinom,0.05344975309597418,1,ok,pts_composed,v1
2025-01-02,Dennis Schröder,GSW,PHI,pts,15.009831215550076,12.681121303409672,2.328709912140404,29.153334,nbinom,0.05344975309597418,1,ok,pts_composed,v1
2025-01-02,Kyle Anderson,GSW,PHI,pts,7.730345084390973,5.0,2.730345084390973,,nbinom,0.05344975309597418,0,minutes_lt_12,pts_composed,v1
2025-01-02,Lindy Waters III,GSW,PHI,pts,7.133815645924939,5.359999999999999,1.7738156459249392,,nbinom,0.05344975309597418,0,minutes_lt_12,pts_composed,v1
2025-01-02,Andrew Nembhard,IND,MIA,pts,10.598911834126572,10.894736842105264,-0.29582500797869216,,nbinom,0.05344975309597418,0,minutes_lt_12,pts_composed,v1
2025-01-02,Ben Sheppard,IND,MIA,pts,5.487625295755409,5.5340456532297235,-0.0464203574743145,18.469999800000004,nbinom,0.05344975309597418,1,ok,pts_composed,v1
2025-01-02,Bennedict Mathurin,IND,MIA,pts,15.497132355066979,16.255827930431202,-0.7586955753642233,34.6299998,nbinom,0.05344975309597418,1,ok,pts_composed,v1
2025-01-02,Jarace Walker,IND,MIA,pts,6.88796143554346,10.525714285714287,-3.637752850170827,17.733332999999995,nbinom,0.05344975309597418,1,ok,pts_composed,v1
2025-01-02,Myles Turner,IND,MIA,pts,12.807524232026656,14.888969854695294,-2.081445622668637,31.273333399999995,nbinom,0.05344975309597418,1,ok,pts_composed,v1
2025-01-02,Obi Toppin,IND,MIA,pts,10.59130834974509,10.29032258064516,0.30098576909992936,,nbinom,0.05344975309597418,0,minutes_lt_12,pts_composed,v1
2025-01-02,Pascal Siakam,IND,MIA,pts,17.37268046443638,18.74779549718574,-1.3751150327493598,30.226666599999994,nbinom,0.05344975309597418,1,ok,pts_composed,v1
2025-01-02,T.J. McConnell,IND,MIA,pts,10.948820583376804,9.353846153846153,1.5949744295306516,17.843333399999995,nbinom,0.05344975309597418,1,ok,pts_composed,v1
2025-01-02,Tyrese Haliburton,IND,MIA,pts,16.080916839480913,17.72393018018018,-1.643013340699266,35.6066672,nbinom,0.05344975309597418,1,ok,pts_composed,v1
2025-01-02,Amir Coffey,LAC,OKC,pts,7.959889915404536,8.187362637362638,-0.22747272195810186,24.259999799999996,nbinom,0.05344975309597418,1,ok,pts_composed,v1
2025-01-02,Bones Hyland,LAC,OKC,pts,10.256592346807382,8.076923076923077,2.1796692698843056,,nbinom,0.05344975309597418,0,minutes_lt_12,pts_composed,v1
2025-01-02,Derrick Jones Jr.,LAC,OKC,pts,8.938608942656517,11.082626437889594,-2.1440174952330775,24.2799994,nbinom,0.05344975309597418,1,ok,pts_composed,v1
2025-01-02,Ivica Zubac,LAC,OKC,pts,12.379195715419018,15.55,-3.170804284580983,33.526666199999994,nbinom,0.05344975309597418,1,ok,pts_composed,v1
2025-01-02,James Harden,LAC,OKC,pts,19.184858856001078,20.71384611194078,-1.5289872559397004,34.593333599999994,nbinom,0.05344975309597418,1,ok,pts_composed,v1
2025-01-02,Jordan Miller,LAC,OKC,pts,8.979502018028391,5.7,3.279502018028391,,nbinom,0.05344975309597418,0,minutes_lt_12,pts_composed,v1
2025-01-02,Kai Jones,LAC,OKC,pts,4.936568800607957,2.0476190476190474,2.8889497529889097,,nbinom,0.05344975309597418,0,minutes_lt_12|pred_mean_lt_5,pts_composed,v1
2025-01-02,Kevin Porter Jr.,LAC,OKC,pts,13.519693659869251,9.586206896551724,3.933486763317527,,nbinom,0.05344975309597418,0,minutes_lt_12,pts_composed,v1
2025-01-02,Kobe Brown,LAC,OKC,pts,6.320763574005696,3.125,3.1957635740056958,,nbinom,0.05344975309597418,0,minutes_lt_12,pts_composed,v1
2025-01-02,Kris Dunn,LAC,OKC,pts,6.94720755363917,7.658093126385809,-0.7108855727466397,29.886666399999996,nbinom,0.05344975309597418,1,ok,pts_composed,v1
2025-01-02,Nicolas Batum,LAC,OKC,pts,2.432718305129705,2.2484210526315787,0.18429725249812634,18.969999799999993,nbinom,0.05344975309597418,0,pred_mean_lt_5,pts_composed,v1
2025-01-02,Norman Powell,LAC,OKC,pts,18.897775090447993,29.40902087133013,-10.511245780882138,36.983333599999995,nbinom,0.05344975309597418,1,ok,pts_composed,v1
2025-01-02,Anthony Davis,LAL,POR,pts,22.491534782276926,18.483398496240603,4.008136286036322,31.82,nbinom,0.05344975309597418,1,ok,pts_composed,v1
2025-01-02,Austin Reaves,LAL,POR,pts,18.546241059076266,22.34413829011767,-3.7978972310414036,38.006667400000005,nbinom,0.05344975309597418,1,ok,pts_composed,v1
2025-01-02,Cam Reddish,LAL,POR,pts,4.203490982605755,4.222222222222222,-0.018731239616466944,19.9966662,nbinom,0.05344975309597418,0,pred_mean_lt_5,pts_composed,v1
2025-01-02,Dalton Knecht,LAL,POR,pts,11.110066741356167,7.2665270213657305,3.843539719990437,20.2066668,nbinom,0.05344975309597418,1,ok,pts_composed,v1
2025-01-02,Dorian Finney-Smith,LAL,POR,pts,10.557491505642597,10.0,0.5574915056425969,,nbinom,0.05344975309597418,0,minutes_lt_12,pts_composed,v1
2025-01-02,LeBron James,LAL,POR,pts,19.73428140490403,23.448275862068968,-3.7139944571649366,,nbinom,0.05344975309597418,0,minutes_lt_12,pts_composed,v1
2025-01-02,Max Christie,LAL,POR,pts,9.734177105405111,11.151989389920425,-1.417812284515314,29.086666799999996,nbinom,0.05344975309597418,1,ok,pts_composed,v1
2025-01-02,Rui Hachimura,LAL,POR,pts,12.585134775031221,12.941525423728814,-0.35639064869759274,34.146666999999994,nbinom,0.05344975309597418,1,ok,pts_composed,v1
2025-01-02,Shake Milton,LAL,POR,pts,8.266891485256672,7.321428571428572,0.9454629138280994,,nbinom,0.05344975309597418,0,minutes_lt_12,pts_composed,v1
2025-01-02,Alec Burks,MIA,IND,pts,6.577145017508249,9.998067632850242,-3.4209226153419934,22.409999799999998,nbinom,0.05344975309597418,1,ok,pts_composed,v1
2025-01-02,Bam Adebayo,MIA,IND,pts,18.07351833787322,16.731844888366627,1.3416734495065938,33.5699998,nbinom,0.05344975309597418,1,ok,pts_composed,v1
2025-01-02,Duncan Robinson,MIA,IND,pts,10.802546554292165,11.344827586206897,-0.5422810319147313,,nbinom,0.05344975309597418,0,minutes_lt_12,pts_composed,v1
2025-01-02,Haywood Highsmith,MIA,IND,pts,6.942960830351197,7.537967914438503,-0.5950070840873058,29.450000199999995,nbinom,0.05344975309597418,1,ok,pts_composed,v1
2025-01-02,Jaime Jaquez Jr.,MIA,IND,pts,10.844783378819237,8.337944664031621,2.506838714787616,23.116666799999994,nbinom,0.05344975309597418,1,ok,pts_composed,v1
2025-01-02,Jimmy Butler,MIA,IND,pts,15.827868216954803,18.000000000000004,-2.1721317830452005,,nbinom,0.05344975309597418,0,minutes_lt_12,pts_composed,v1
2025-01-02,Kel'el Ware,MIA,IND,pts,5.2551369016005784,5.463320463320463,-0.20818356171988484,14.203333399999995,nbinom,0.05344975309597418,1,ok,pts_composed,v1
2025-01-02,Kevin Love,MIA,IND,pts,9.616980230753821,5.9375,3.6794802307538212,,nbinom,0.05344975309597418,0,minutes_lt_12,pts_composed,v1
2025-01-02,Nikola Jović,MIA,IND,pts,9.430493342727669,9.829166666666666,-0.398673323938997,27.686666399999996,nbinom,0.05344975309597418,1,ok,pts_composed,v1
2025-01-02,Terry Rozier,MIA,IND,pts,10.813922015006309,12.037037037037036,-1.2231150220307274,,nbinom,0.05344975309597418,0,minutes_lt_12,pts_composed,v1
2025-01-02,Tyler Herro,MIA,IND,pts,22.59196314102223,24.078857142857142,-1.4868940018349122,36.766667399999996,nbinom,0.05344975309597418,1,ok,pts_composed,v1
2025-01-02,A.J. Green,MIL,BRK,pts,8.243417966023763,7.9725,0.27091796602376306,25.136667,nbinom,0.05344975309597418,1,ok,pts_composed,v1
2025-01-02,Andre Jackson Jr.,MIL,BRK,pts,4.308481057189564,4.065,0.24348105718956337,19.8566664,nbinom,0.05344975309597418,0,pred_mean_lt_5,pts_composed,v1
2025-01-02,Bobby Portis,MIL,BRK,pts,17.706706689404395,21.263137254901956,-3.5564305654975605,32.839999999999996,nbinom,0.05344975309597418,1,ok,pts_composed,v1
2025-01-02,Brook Lopez,MIL,BRK,pts,13.50239622289271,18.451224105461392,-4.948827882568683,32.4766662,nbinom,0.05344975309597418,1,ok,pts_composed,v1
2025-01-02,Damian Lillard,MIL,BRK,pts,27.4362710603893,25.166666666666668,2.2696043937226307,,nbinom,0.05344975309597418,0,minutes_lt_12,pts_composed,v1
2025-01-02,Delon Wright,MIL,BRK,pts,5.707607093611187,2.7727272727272725,2.934879820883914,,nbinom,0.05344975309597418,0,minutes_lt_12,pts_composed,v1
2025-01-02,Gary Trent Jr.,MIL,BRK,pts,13.060843546040681,12.80957575757576,0.25126778846492215,22.919999799999992,nbinom,0.05344975309597418,1,ok,pts_composed,v1
2025-01-02,Giannis Antetokounmpo,MIL,BRK,pts,22.321770054973253,32.6,-10.278229945026748,,nbinom,0.05344975309597418,0,minutes_lt_12,pts_composed,v1
2025-01-02,Khris Middleton,MIL,BRK,pts,18.734577417567117,16.41708138293504,2.317496034632075,26.319999799999994,nbinom,0.05344975309597418,1,ok,pts_composed,v1
2025-01-02,Pat Connaughton,MIL,BRK,pts,6.728969376480315,4.8125,1.9164693764803147,,nbinom,0.05344975309597418,0,minutes_lt_12,pts_composed,v1
2025-01-02,Taurean Prince,MIL,BRK,pts,7.1605179965667265,6.3999999999999995,0.760517996566727,23.18666659999999,nbinom,0.05344975309597418,1,ok,pts_composed,v1
2025-01-02,Anthony Edwards,MIN,BOS,pts,22.381412127444158,20.433791964777107,1.9476201626670502,36.7633332,nbinom,0.05344975309597418,1,ok,pts_composed,v1
2025-01-02,Donte DiVincenzo,MIN,BOS,pts,11.394953607028668,15.214285714285715,-3.819332107257047,28.7999994,nbinom,0.05344975309597418,1,ok,pts_composed,v1
2025-01-02,Jaden McDaniels,MIN,BOS,pts,10.366522180753217,7.379679144385027,2.9868430363681897,26.953333399999998,nbinom,0.05344975309597418,1,ok,pts_composed,v1
2025-01-02,Julius Randle,MIN,BOS,pts,17.329732438041965,17.510805819101833,-0.1810733810598677,33.5966662,nbinom,0.05344975309597418,1,ok,pts_composed,v1
2025-01-02,Luka Garza,MIN,BOS,pts,8.225368188136228,3.888888888888889,4.336479299247339,,nbinom,0.05344975309597418,0,minutes_lt_12,pts_composed,v1
2025-01-02,Mike Conley,MIN,BOS,pts,9.323264491681208,7.625,1.6982644916812077,24.526666799999994,nbinom,0.05344975309597418,1,ok,pts_composed,v1
2025-01-02,Naz Reid,MIN,BOS,pts,12.332431242967626,13.103132193930938,-0.7707009509633114,25.726666599999998,nbinom,0.05344975309597418,1,ok,pts_composed,v1
2025-01-02,Nickeil Alexander-Walker,MIN,BOS,pts,9.164323548146843,8.11871921182266,1.0456043363241836,21.653333199999995,nbinom,0.05344975309597418,1,ok,pts_composed,v1
2025-01-02,Rudy Gobert,MIN,BOS,pts,10.955992316512447,9.639658119658119,1.3163341968543278,31.600000599999994,nbinom,0.05344975309597418,1,ok,pts_composed,v1
2025-01-02,Aaron Wiggins,OKC,LAC,pts,9.463379591095766,9.441773504273504,0.021606086822261616,18.039999899999998,nbinom,0.05344975309597418,1,ok,pts_composed,v1
2025-01-02,Ajay Mitchell,OKC,LAC,pts,6.856108493611267,10.371428571428572,-3.5153200778173046,21.6833338,nbinom,0.05344975309597418,1,ok,pts_composed,v1
2025-01-02,Alex Caruso,OKC,LAC,pts,8.984668604290537,5.500000000000001,3.484668604290536,,nbinom,0.05344975309597418,0,minutes_lt_12,pts_composed,v1
2025-01-02,Cason Wallace,OKC,LAC,pts,8.40926177690645,6.483870967741936,1.9253908091645133,,nbinom,0.05344975309597418,0,minutes_lt_12,pts_composed,v1
2025-01-02,Isaiah Hartenstein,OKC,LAC,pts,11.31577852804054,13.25,-1.9342214719594608,28.850000199999993,nbinom,0.05344975309597418,1,ok,pts_composed,v1
2025-01-02,Isaiah Joe,OKC,LAC,pts,6.769019570068377,6.808163265306122,-0.039143695237745746,17.363333399999995,nbinom,0.05344975309597418,1,ok,pts_composed,v1
2025-01-02,Jalen Williams,OKC,LAC,pts,22.115173366561656,18.19352443644992,3.9216489301117363,32.313334,nbinom,0.05344975309597418,1,ok,pts_composed,v1
2025-01-02,Jaylin Williams,OKC,LAC,pts,7.482069003524847,4.6,2.8820690035248475,11.993333119999994,nbinom,0.05344975309597418,0,minutes_lt_12,pts_composed,v1
2025-01-02,Kenrich Williams,OKC,LAC,pts,6.957198344193082,8.730769230769232,-1.7735708865761497,15.573333399999996,nbinom,0.05344975309597418,1,ok,pts_composed,v1
2025-01-02,Luguentz Dort,OKC,LAC,pts,7.058845420530202,9.741935483870968,-2.6830900633407664,,nbinom,0.05344975309597418,0,minutes_lt_12,pts_composed,v1
2025-01-02,Shai Gilgeous-Alexander,OKC,LAC,pts,28.62037294953153,33.84552671100622,-5.225153761474694,33.75333379999999,nbinom,0.05344975309597418,1,ok,pts_composed,v1
2025-01-02,Andre Drummond,PHI,GSW,pts,9.01498483697442,7.040000000000001,1.9749848369744196,,nbinom,0.05344975309597418,0,minutes_lt_12,pts_composed,v1
2025-01-02,Caleb Martin,PHI,GSW,pts,9.655117417234496,8.729452445742352,0.9256649714921448,35.4633338,nbinom,0.05344975309597418,1,ok,pts_composed,v1
2025-01-02,Eric Gordon,PHI,GSW,pts,8.41084627099963,5.449999999999999,2.96084627099963,,nbinom,0.05344975309597418,0,minutes_lt_12,pts_composed,v1
2025-01-02,Guerschon Yabusele,PHI,GSW,pts,11.098283458840552,11.217142857142857,-0.11885939830230541,26.570000199999992,nbinom,0.05344975309597418,1,ok,pts_composed,v1
2025-01-02,Jared McCain,PHI,GSW,pts,15.419376740583795,15.304347826086955,0.11502891449683972,,nbinom,0.05344975309597418,0,minutes_lt_12,pts_composed,v1
2025-01-02,Joel Embiid,PHI,GSW,pts,19.89344444957331,23.727272727272727,-3.8338282776994177,,nbinom,0.05344975309597418,0,minutes_lt_12,pts_composed,v1
2025-01-02,KJ Martin,PHI,GSW,pts,8.041055917869253,6.416666666666667,1.6243892512025857,,nbinom,0.05344975309597418,0,minutes_lt_12,pts_composed,v1
2025-01-02,Kelly Oubre Jr.,PHI,GSW,pts,11.519635811024376,12.766666666666666,-1.24703085564229,,nbinom,0.05344975309597418,0,minutes_lt_12,pts_composed,v1
2025-01-02,Kyle Lowry,PHI,GSW,pts,6.380128091194995,4.217391304347826,2.1627367868471685,,nbinom,0.05344975309597418,0,minutes_lt_12,pts_composed,v1
2025-01-02,Paul George,PHI,GSW,pts,14.422903873590686,17.042543269661913,-2.6196393960712268,32.270000399999994,nbinom,0.05344975309597418,1,ok,pts_composed,v1
2025-01-02,Reggie Jackson,PHI,GSW,pts,4.8053235629655315,3.6136363636363638,1.1916871993291678,13.576666799999995,nbinom,0.05344975309597418,0,pred_mean_lt_5,pts_composed,v1
2025-01-02,Tyrese Maxey,PHI,GSW,pts,26.275052577296094,28.62016302016302,-2.3451104428669254,40.089999999999996,nbinom,0.05344975309597418,1,ok,pts_composed,v1
2025-01-02,Anfernee Simons,POR,LAL,pts,21.53081384730612,18.240900562851785,3.289913284454336,32.3466674,nbinom,0.05344975309597418,1,ok,pts_composed,v1
2025-01-02,Dalano Banton,POR,LAL,pts,9.132546945600218,9.52,-0.3874530543997814,,nbinom,0.05344975309597418,0,minutes_lt_12,pts_composed,v1
2025-01-02,Deandre Ayton,POR,LAL,pts,14.924608440288864,14.689396825396823,0.2352116148920409,30.8499998,nbinom,0.05344975309597418,1,ok,pts_composed,v1
2025-01-02,Deni Avdija,POR,LAL,pts,15.605166628577809,19.486440677966105,-3.8812740493882956,29.033333199999998,nbinom,0.05344975309597418,1,ok,pts_composed,v1
2025-01-02,Jerami Grant,POR,LAL,pts,12.607603542811127,15.0,-2.392396457188873,,nbinom,0.05344975309597418,0,minutes_lt_12,pts_composed,v1
2025-01-02,Kris Murray,POR,LAL,pts,3.716187309132333,1.9084905660377358,1.8076967430945974,10.456666499999994,nbinom,0.05344975309597418,0,minutes_lt_12|pred_mean_lt_5,pts_composed,v1
2025-01-02,Robert Williams,POR,LAL,pts,8.158260640574667,6.8181818181818175,1.34007882239285,,nbinom,0.05344975309597418,0,minutes_lt_12,pts_composed,v1
2025-01-02,Scoot Henderson,POR,LAL,pts,11.089155786910156,12.666746855623774,-1.5775910687136179,26.446667399999995,nbinom,0.05344975309597418,1,ok,pts_composed,v1
2025-01-02,Shaedon Sharpe,POR,LAL,pts,19.953746058997126,18.352117447769622,1.601628611227504,31.543333399999995,nbinom,0.05344975309597418,1,ok,pts_composed,v1
2025-01-02,Toumani Camara,POR,LAL,pts,8.479746424095286,8.838709677419356,-0.3589632533240703,,nbinom,0.05344975309597418,0,minutes_lt_12,pts_composed,v1
2025-01-02,Al Horford,BOS,MIN,reb,5.628074659775169,5.2,0.42807465977516923,27.983333400000003,poisson,0.0,1,ok,reb_hgbr,v1
2025-01-02,Derrick White,BOS,MIN,reb,4.710145399333962,3.4,1.3101453993339622,33.896666999999994,poisson,0.0,1,ok,reb_hgbr,v1
2025-01-02,Drew Peterson,BOS,MIN,reb,3.4037649728085855,2.2,1.2037649728085853,,poisson,0.0,0,minutes_lt_12,reb_hgbr,v1
2025-01-02,Jaylen Brown,BOS,MIN,reb,6.08956559892262,6.8,-0.7104344010773795,35.770000399999994,poisson,0.0,1,ok,reb_hgbr,v1
2025-01-02,Jayson Tatum,BOS,MIN,reb,8.146636308515957,9.533333333333335,-1.3866970248173782,,poisson,0.0,0,minutes_lt_12,reb_hgbr,v1
2025-01-02,Jordan Walsh,BOS,MIN,reb,2.502545130382181,1.2916666666666667,1.2108784637155143,,poisson,0.0,0,minutes_lt_12,reb_hgbr,v1
2025-01-02,Jrue Holiday,BOS,MIN,reb,4.754032752924079,4.185185185185185,0.568847567738894,,poisson,0.0,0,minutes_lt_12,reb_hgbr,v1
2025-01-02,Kristaps Porziņģis,BOS,MIN,reb,6.434268743685607,6.363636363636364,0.07063238004924255,,poisson,0.0,0,minutes_lt_12,reb_hgbr,v1
2025-01-02,Luke Kornet,BOS,MIN,reb,4.78087553859873,6.6000000000000005,-1.8191244614012705,17.209999999999994,poisson,0.0,1,ok,reb_hgbr,v1
2025-01-02,Neemias Queta,BOS,MIN,reb,4.522956796992715,4.518518518518518,0.004438278474196977,,poisson,0.0,0,minutes_lt_12,reb_hgbr,v1
2025-01-02,Payton Pritchard,BOS,MIN,reb,4.883268169290206,4.800000000000001,0.08326816929020531,27.316666599999998,poisson,0.0,1,ok,reb_hgbr,v1
2025-01-02,Sam Hauser,BOS,MIN,reb,3.2505699804630104,1.6,1.6505699804630103,17.379999999999992,poisson,0.0,1,ok,reb_hgbr,v1
2025-01-02,Ben Simmons,BRK,MIL,reb,4.523556959476031,5.230769230769231,-0.7072122712931996,,poisson,0.0,0,minutes_lt_12,reb_hgbr,v1
2025-01-02,D'Angelo Russell,BRK,MIL,reb,2.8507646502747317,2.733333333333333,0.11743131694139874,,poisson,0.0,0,minutes_lt_12,reb_hgbr,v1
2025-01-02,Andrew Wiggins,GSW,PHI,reb,4.375823977121474,5.6,-1.2241760228785257,31.859999800000004,poisson,0.0,1,ok,reb_hgbr,v1
2025-01-02,Dennis Schröder,GSW,PHI,reb,4.0788067456752675,2.0,2.0788067456752675,29.153334,poisson,0.0,1,ok,reb_hgbr,v1
2025-01-02,Kyle Anderson,GSW,PHI,reb,3.7609322390110203,3.0,0.7609322390110203,,poisson,0.0,0,minutes_lt_12,reb_hgbr,v1
2025-01-02,Lindy Waters III,GSW,PHI,reb,2.8735528624445705,2.56,0.3135528624445705,,poisson,0.0,0,minutes_lt_12,reb_hgbr,v1
2025-01-02,Andrew Nembhard,IND,MIA,reb,3.3452577129644463,3.0,0.3452577129644463,,poisson,0.0,0,minutes_lt_12,reb_hgbr,v1
2025-01-02,Ben Sheppard,IND,MIA,reb,3.926430520035488,3.6000000000000005,0.32643052003548734,18.469999800000004,poisson,0.0,1,ok,reb_hgbr,v1
2025-01-02,Bennedict Mathurin,IND,MIA,reb,7.171138923084272,6.2,0.971138923084272,34.6299998,poisson,0.0,1,ok,reb_hgbr,v1
2025-01-02,Jarace Walker,IND,MIA,reb,3.7687717643716967,2.5999999999999996,1.168771764371697,17.733332999999995,poisson,0.0,1,ok,reb_hgbr,v1
2025-01-02,Myles Turner,IND,MIA,reb,7.2696421988200335,8.399999999999999,-1.130357801179965,31.273333399999995,poisson,0.0,1,ok,reb_hgbr,v1
2025-01-02,Obi Toppin,IND,MIA,reb,4.117461393136907,4.0,0.11746139313690662,,poisson,0.0,0,minutes_lt_12,reb_hgbr,v1
2025-01-02,Pascal Siakam,IND,MIA,reb,6.350061090261457,7.8,-1.4499389097385427,30.226666599999994,poisson,0.0,1,ok,reb_hgbr,v1
2025-01-02,T.J. McConnell,IND,MIA,reb,3.483860165064903,2.2,1.2838601650649029,17.843333399999995,poisson,0.0,1,ok,reb_hgbr,v1
2025-01-02,Tyrese Haliburton,IND,MIA,reb,6.012237479288829,4.999999999999999,1.0122374792888298,35.6066672,poisson,0.0,1,ok,reb_hgbr,v1
2025-01-02,Amir Coffey,LAC,OKC,reb,2.779389434716549,2.5999999999999996,0.17938943471654945,24.259999799999996,poisson,0.0,1,ok,reb_hgbr,v1
2025-01-02,Bones Hyland,LAC,OKC,reb,1.761438521301014,1.0769230769230769,0.6845154443779371,,poisson,0.0,0,minutes_lt_12|pred_mean_lt_2,reb_hgbr,v1
2025-01-02,Derrick Jones Jr.,LAC,OKC,reb,3.6889317251225044,3.4,0.28893172512250453,24.2799994,poisson,0.0,1,ok,reb_hgbr,v1
2025-01-02,Ivica Zubac,LAC,OKC,reb,12.22711901074788,13.6,-1.3728809892521188,33.526666199999994,poisson,0.0,1,ok,reb_hgbr,v1
2025-01-02,James Harden,LAC,OKC,reb,5.147853397330872,4.8,0.34785339733087195,34.593333599999994,poisson,0.0,1,ok,reb_hgbr,v1
2025-01-02,Jordan Miller,LAC,OKC,reb,3.2249486088979,2.0500000000000003,1.1749486088978998,,poisson,0.0,0,minutes_lt_12,reb_hgbr,v1
2025-01-02,Kai Jones,LAC,OKC,reb,3.215509072550645,1.8095238095238095,1.4059852630268355,,poisson,0.0,0,minutes_lt_12,reb_hgbr,v1
2025-01-02,Kevin Porter Jr.,LAC,OKC,reb,4.333826105270237,3.620689655172414,0.713136450097823,,poisson,0.0,0,minutes_lt_12,reb_hgbr,v1
2025-01-02,Kobe Brown,LAC,OKC,reb,2.733759171395843,2.0,0.7337591713958429,,poisson,0.0,0,minutes_lt_12,reb_hgbr,v1
2025-01-02,Kris Dunn,LAC,OKC,reb,3.694244938465218,3.8,-0.10575506153478198,29.886666399999996,poisson,0.0,1,ok,reb_hgbr,v1
2025-01-02,Nicolas Batum,LAC,OKC,reb,3.1616281022074717,3.6,-0.4383718977925284,18.969999799999993,poisson,0.0,1,ok,reb_hgbr,v1
2025-01-02,Norman Powell,LAC,OKC,reb,4.469403574110294,3.8,0.6694035741102944,36.983333599999995,poisson,0.0,1,ok,reb_hgbr,v1
2025-01-02,Anthony Davis,LAL,POR,reb,13.545861887926726,11.0,2.5458618879267263,31.82,poisson,0.0,1,ok,reb_hgbr,v1
2025-01-02,Austin Reaves,LAL,POR,reb,5.631166857054085,7.2,-1.5688331429459152,38.006667400000005,poisson,0.0,1,ok,reb_hgbr,v1
2025-01-02,Cam Reddish,LAL,POR,reb,3.3158320604763016,2.8,0.5158320604763018,19.9966662,poisson,0.0,1,ok,reb_hgbr,v1
2025-01-02,Dalton Knecht,LAL,POR,reb,3.4784038060661975,2.8000000000000003,0.6784038060661972,20.2066668,poisson,0.0,1,ok,reb_hgbr,v1
2025-01-02,Dorian Finney-Smith,LAL,POR,reb,4.953523465313693,4.428571428571428,0.5249520367422651,,poisson,0.0,0,minutes_lt_12,reb_hgbr,v1
2025-01-02,LeBron James,LAL,POR,reb,6.798254659245061,7.724137931034482,-0.925883271789421,,poisson,0.0,0,minutes_lt_12,reb_hgbr,v1
2025-01-02,Max Christie,LAL,POR,reb,2.9915272452348582,2.0,0.9915272452348582,29.086666799999996,poisson,0.0,1,ok,reb_hgbr,v1
2025-01-02,Rui Hachimura,LAL,POR,reb,5.979629360280511,4.999999999999999,0.9796293602805122,34.146666999999994,poisson,0.0,1,ok,reb_hgbr,v1
2025-01-02,Shake Milton,LAL,POR,reb,3.04424037348808,1.892857142857143,1.1513832306309368,,poisson,0.0,0,minutes_lt_12,reb_hgbr,v1
2025-01-02,Alec Burks,MIA,IND,reb,2.8583678541655972,2.2,0.6583678541655971,22.409999799999998,poisson,0.0,1,ok,reb_hgbr,v1
2025-01-02,Bam Adebayo,MIA,IND,reb,8.680192529162646,8.999999999999998,-0.31980747083735217,33.5699998,poisson,0.0,1,ok,reb_hgbr,v1
2025-01-02,Duncan Robinson,MIA,IND,reb,2.8049854975439423,2.413793103448276,0.39119239409566653,,poisson,0.0,0,minutes_lt_12,reb_hgbr,v1
2025-01-02,Haywood Highsmith,MIA,IND,reb,4.8350438063436245,4.4,0.43504380634362416,29.450000199999995,poisson,0.0,1,ok,reb_hgbr,v1
2025-01-02,Jaime Jaquez Jr.,MIA,IND,reb,4.635447523596522,4.2,0.4354475235965216,23.116666799999994,poisson,0.0,1,ok,reb_hgbr,v1
2025-01-02,Jimmy Butler,MIA,IND,reb,5.824364962523866,5.666666666666666,0.15769829585719997,,poisson,0.0,0,minutes_lt_12,reb_hgbr,v1
2025-01-02,Kel'el Ware,MIA,IND,reb,3.460326276369207,4.0,-0.5396737236307931,14.203333399999995,poisson,0.0,1,ok,reb_hgbr,v1
2025-01-02,Kevin Love,MIA,IND,reb,4.593788689692525,4.5,0.0937886896925253,,poisson,0.0,0,minutes_lt_12,reb_hgbr,v1
2025-01-02,Nikola Jović,MIA,IND,reb,4.269238697479623,4.8,-0.5307613025203768,27.686666399999996,poisson,0.0,1,ok,reb_hgbr,v1
2025-01-02,Terry Rozier,MIA,IND,reb,4.0924928484401555,4.037037037037037,0.05545581140311828,,poisson,0.0,0,minutes_lt_12,reb_hgbr,v1
2025-01-02,Tyler Herro,MIA,IND,reb,6.33468648484861,5.8,0.5346864848486099,36.766667399999996,poisson,0.0,1,ok,reb_hgbr,v1
2025-01-02,A.J. Green,MIL,BRK,reb,2.535114516216986,3.2,-0.664885483783014,25.136667,poisson,0.0,1,ok,reb_hgbr,v1
2025-01-02,Andre Jackson Jr.,MIL,BRK,reb,3.1124348271173043,3.6000000000000005,-0.4875651728826962,19.8566664,poisson,0.0,1,ok,reb_hgbr,v1
2025-01-02,Bobby Portis,MIL,BRK,reb,9.093158880847096,10.999999999999998,-1.9068411191529027,32.839999999999996,poisson,0.0,1,ok,reb_hgbr,v1
2025-01-02,Brook Lopez,MIL,BRK,reb,4.60705815906108,4.3999999999999995,0.20705815906108072,32.4766662,poisson,0.0,1,ok,reb_hgbr,v1
2025-01-02,Damian Lillard,MIL,BRK,reb,4.191550135882575,4.541666666666667,-0.3501165307840921,,poisson,0.0,0,minutes_lt_12,reb_hgbr,v1
2025-01-02,Delon Wright,MIL,BRK,reb,2.802681717553225,1.9090909090909092,0.8935908084623159,,poisson,0.0,0,minutes_lt_12,reb_hgbr,v1
2025-01-02,Gary Trent Jr.,MIL,BRK,reb,2.7439795244524983,3.5999999999999996,-0.8560204755475014,22.919999799999992,poisson,0.0,1,ok,reb_hgbr,v1
2025-01-02,Giannis Antetokounmpo,MIL,BRK,reb,8.735288097085304,11.600000000000001,-2.8647119029146975,,poisson,0.0,0,minutes_lt_12,reb_hgbr,v1
2025-01-02,Khris Middleton,MIL,BRK,reb,4.97497363204339,5.6000000000000005,-0.6250263679566102,26.319999799999994,poisson,0.0,1,ok,reb_hgbr,v1
2025-01-02,Pat Connaughton,MIL,BRK,reb,3.415603478503334,2.875,0.5406034785033338,,poisson,0.0,0,minutes_lt_12,reb_hgbr,v1
2025-01-02,Taurean Prince,MIL,BRK,reb,3.428524710113019,3.4,0.028524710113019047,23.18666659999999,poisson,0.0,1,ok,reb_hgbr,v1
2025-01-02,Anthony Edwards,MIN,BOS,reb,7.203850633997679,6.799999999999999,0.4038506339976804,36.7633332,poisson,0.0,1,ok,reb_hgbr,v1
2025-01-02,Donte DiVincenzo,MIN,BOS,reb,4.905264696508251,4.2,0.7052646965082507,28.7999994,poisson,0.0,1,ok,reb_hgbr,v1
2025-01-02,Jaden McDaniels,MIN,BOS,reb,6.392992893169024,5.800000000000001,0.5929928931690229,26.953333399999998,poisson,0.0,1,ok,reb_hgbr,v1
2025-01-02,Julius Randle,MIN,BOS,reb,7.627259856266178,8.200000000000001,-0.5727401437338226,33.5966662,poisson,0.0,1,ok,reb_hgbr,v1
2025-01-02,Luka Garza,MIN,BOS,reb,2.976269022305695,1.2222222222222223,1.7540468000834726,,poisson,0.0,0,minutes_lt_12,reb_hgbr,v1
2025-01-02,Mike Conley,MIN,BOS,reb,2.933936249147113,1.8,1.1339362491471128,24.526666799999994,poisson,0.0,1,ok,reb_hgbr,v1
2025-01-02,Naz Reid,MIN,BOS,reb,5.165666724390224,4.0,1.1656667243902241,25.726666599999998,poisson,0.0,1,ok,reb_hgbr,v1
2025-01-02,Nickeil Alexander-Walker,MIN,BOS,reb,3.7181571311765023,3.4000000000000004,0.3181571311765019,21.653333199999995,poisson,0.0,1,ok,reb_hgbr,v1
2025-01-02,Rudy Gobert,MIN,BOS,reb,9.437366212852739,9.4,0.037366212852738556,31.600000599999994,poisson,0.0,1,ok,reb_hgbr,v1
2025-01-02,Aaron Wiggins,OKC,LAC,reb,3.031247338467671,2.4,0.6312473384676709,18.039999899999998,poisson,0.0,1,ok,reb_hgbr,v1
2025-01-02,Ajay Mitchell,OKC,LAC,reb,2.415667098282269,4.4,-1.9843329017177314,21.6833338,poisson,0.0,1,ok,reb_hgbr,v1
2025-01-02,Alex Caruso,OKC,LAC,reb,3.662490615275632,2.9,0.7624906152756319,,poisson,0.0,0,minutes_lt_12,reb_hgbr,v1
2025-01-02,Cason Wallace,OKC,LAC,reb,3.8563955455260017,3.3870967741935485,0.46929877133245324,,poisson,0.0,0,minutes_lt_12,reb_hgbr,v1
2025-01-02,Isaiah Hartenstein,OKC,LAC,reb,9.567268944053055,11.6,-2.032731055946945,28.850000199999993,poisson,0.0,1,ok,reb_hgbr,v1
2025-01-02,Isaiah Joe,OKC,LAC,reb,2.487397302099068,2.2,0.2873973020990679,17.363333399999995,poisson,0.0,1,ok,reb_hgbr,v1
2025-01-02,Jalen Williams,OKC,LAC,reb,5.928768298340686,6.2,-0.271231701659314,32.313334,poisson,0.0,1,ok,reb_hgbr,v1
2025-01-02,Jaylin Williams,OKC,LAC,reb,1.874411652052795,2.0,-0.12558834794720508,11.993333119999994,poisson,0.0,0,minutes_lt_12|pred_mean_lt_2,reb_hgbr,v1
2025-01-02,Kenrich Williams,OKC,LAC,reb,3.0803929161284045,4.6000000000000005,-1.519607083871596,15.573333399999996,poisson,0.0,1,ok,reb_hgbr,v1
2025-01-02,Luguentz Dort,OKC,LAC,reb,5.133561689907741,4.64516129032258,0.4884003995851609,,poisson,0.0,0,minutes_lt_12,reb_hgbr,v1
2025-01-02,Shai Gilgeous-Alexander,OKC,LAC,reb,5.911165590489375,5.8,0.11116559048937535,33.75333379999999,poisson,0.0,1,ok,reb_hgbr,v1
2025-01-02,Andre Drummond,PHI,GSW,reb,7.19646845385981,8.08,-0.8835315461401905,,poisson,0.0,0,minutes_lt_12,reb_hgbr,v1
2025-01-02,Caleb Martin,PHI,GSW,reb,5.288173496581674,4.4,0.8881734965816737,35.4633338,poisson,0.0,1,ok,reb_hgbr,v1
2025-01-02,Eric Gordon,PHI,GSW,reb,1.8304270695615903,0.95,0.8804270695615903,,poisson,0.0,0,minutes_lt_12|pred_mean_lt_2,reb_hgbr,v1
2025-01-02,Guerschon Yabusele,PHI,GSW,reb,4.829848952840015,4.2,0.6298489528400149,26.570000199999992,poisson,0.0,1,ok,reb_hgbr,v1
2025-01-02,Jared McCain,PHI,GSW,reb,2.7878274847694215,2.4347826086956523,0.3530448760737692,,poisson,0.0,0,minutes_lt_12,reb_hgbr,v1
2025-01-02,Joel Embiid,PHI,GSW,reb,6.374892802158834,7.0,-0.6251071978411664,,poisson,0.0,0,minutes_lt_12,reb_hgbr,v1
2025-01-02,KJ Martin,PHI,GSW,reb,3.1496364924944356,3.0,0.14963649249443556,,poisson,0.0,0,minutes_lt_12,reb_hgbr,v1
2025-01-02,Kelly Oubre Jr.,PHI,GSW,reb,5.4952893024782075,5.666666666666667,-0.1713773641884595,,poisson,0.0,0,minutes_lt_12,reb_hgbr,v1
2025-01-02,Kyle Lowry,PHI,GSW,reb,2.7478970612057134,1.826086956521739,0.9218101046839744,,poisson,0.0,0,minutes_lt_12,reb_hgbr,v1
2025-01-02,Paul George,PHI,GSW,reb,5.327492524950378,6.0,-0.6725074750496223,32.270000399999994,poisson,0.0,1,ok,reb_hgbr,v1
2025-01-02,Reggie Jackson,PHI,GSW,reb,1.7394323672132384,2.4,-0.6605676327867616,13.576666799999995,poisson,0.0,0,pred_mean_lt_2,reb_hgbr,v1
2025-01-02,Tyrese Maxey,PHI,GSW,reb,4.454327714186424,3.4,1.054327714186424,40.089999999999996,poisson,0.0,1,ok,reb_hgbr,v1
2025-01-02,Anfernee Simons,POR,LAL,reb,3.337653911264957,3.0,0.3376539112649568,32.3466674,poisson,0.0,1,ok,reb_hgbr,v1
2025-01-02,Dalano Banton,POR,LAL,reb,3.091874618613605,2.2399999999999998,0.8518746186136053,,poisson,0.0,0,minutes_lt_12,reb_hgbr,v1
2025-01-02,Deandre Ayton,POR,LAL,reb,13.587881872401177,10.2,3.387881872401177,30.8499998,poisson,0.0,1,ok,reb_hgbr,v1
2025-01-02,Deni Avdija,POR,LAL,reb,6.837298668073146,6.3999999999999995,0.4372986680731463,29.033333199999998,poisson,0.0,1,ok,reb_hgbr,v1
2025-01-02,Jerami Grant,POR,LAL,reb,4.439760911330878,3.586206896551724,0.8535540147791538,,poisson,0.0,0,minutes_lt_12,reb_hgbr,v1
2025-01-02,Kris Murray,POR,LAL,reb,1.5331853792142802,0.9999999999999999,0.5331853792142803,10.456666499999994,poisson,0.0,0,minutes_lt_12|pred_mean_lt_2,reb_hgbr,v1
2025-01-02,Robert Williams,POR,LAL,reb,4.595296842506774,4.909090909090908,-0.31379406658413433,,poisson,0.0,0,minutes_lt_12,reb_hgbr,v1
2025-01-02,Scoot Henderson,POR,LAL,reb,2.3635163394990646,2.8,-0.43648366050093523,26.446667399999995,poisson,0.0,1,ok,reb_hgbr,v1
2025-01-02,Shaedon Sharpe,POR,LAL,reb,3.6559529774208595,3.1999999999999997,0.4559529774208597,31.543333399999995,poisson,0.0,1,ok,reb_hgbr,v1
2025-01-02,Toumani Camara,POR,LAL,reb,6.921350422458111,5.741935483870968,1.1794149385871426,,poisson,0.0,0,minutes_lt_12,reb_hgbr,v1
2025-01-02,Al Horford,BOS,MIN,ast,2.477074212909771,2.6,-0.12292578709022894,27.983333400000003,poisson,0.0,1,ok,ast_hgbr,v1
2025-01-02,Derrick White,BOS,MIN,ast,3.88839149956,3.9999999999999996,-0.11160850043999959,33.896666999999994,poisson,0.0,1,ok,ast_hgbr,v1
2025-01-02,Drew Peterson,BOS,MIN,ast,0.9480136245687999,0.7000000000000001,0.24801362456879983,,poisson,0.0,0,minutes_lt_10|pred_mean_lt_1,ast_hgbr,v1
2025-01-02,Jaylen Brown,BOS,MIN,ast,4.7200629210123,4.0,0.7200629210122997,35.770000399999994,poisson,0.0,1,ok,ast_hgbr,v1
2025-01-02,Jayson Tatum,BOS,MIN,ast,4.569353307064888,5.5,-0.9306466929351123,,poisson,0.0,0,minutes_lt_10,ast_hgbr,v1
2025-01-02,Jordan Walsh,BOS,MIN,ast,0.7124877042210298,0.3333333333333333,0.3791543708876965,,poisson,0.0,0,minutes_lt_10|pred_mean_lt_1,ast_hgbr,v1
2025-01-02,Jrue Holiday,BOS,MIN,ast,2.961425016201109,3.703703703703704,-0.7422786875025951,,poisson,0.0,0,minutes_lt_10,ast_hgbr,v1
2025-01-02,Kristaps Porziņģis,BOS,MIN,ast,1.512090860915965,1.6363636363636365,-0.12427277544767157,,poisson,0.0,0,minutes_lt_10,ast_hgbr,v1
2025-01-02,Luke Kornet,BOS,MIN,ast,1.1465552158231844,1.0,0.14655521582318443,17.209999999999994,poisson,0.0,1,ok,ast_hgbr,v1
2025-01-02,Neemias Queta,BOS,MIN,ast,1.1373675768756975,0.6666666666666666,0.4707009102090308,,poisson,0.0,0,minutes_lt_10,ast_hgbr,v1
2025-01-02,Payton Pritchard,BOS,MIN,ast,3.052918635151884,4.6,-1.5470813648481156,27.316666599999998,poisson,0.0,1,ok,ast_hgbr,v1
2025-01-02,Sam Hauser,BOS,MIN,ast,0.9988513959364436,1.6,-0.6011486040635565,17.379999999999992,poisson,0.0,0,pred_mean_lt_1,ast_hgbr,v1
2025-01-02,Ben Simmons,BRK,MIL,ast,7.6087202000460055,6.884615384615384,0.7241048154306213,,poisson,0.0,0,minutes_lt_10,ast_hgbr,v1
2025-01-02,D'Angelo Russell,BRK,MIL,ast,2.942836128403018,4.8,-1.857163871596982,,poisson,0.0,0,minutes_lt_10,ast_hgbr,v1
2025-01-02,Andrew Wiggins,GSW,PHI,ast,2.1877923361805007,2.6,-0.41220766381949936,31.859999800000004,poisson,0.0,1,ok,ast_hgbr,v1
2025-01-02,Dennis Schröder,GSW,PHI,ast,5.66880589483973,3.8,1.8688058948397304,29.153334,poisson,0.0,1,ok,ast_hgbr,v1
2025-01-02,Kyle Anderson,GSW,PHI,ast,2.4862782199873106,2.230769230769231,0.25550898921807974,,poisson,0.0,0,minutes_lt_10,ast_hgbr,v1
2025-01-02,Lindy Waters III,GSW,PHI,ast,2.0519130157265937,1.28,0.7719130157265937,,poisson,0.0,0,minutes_lt_10,ast_hgbr,v1
2025-01-02,Andrew Nembhard,IND,MIA,ast,3.861646373720285,4.7894736842105265,-0.9278273104902417,,poisson,0.0,0,minutes_lt_10,ast_hgbr,v1
2025-01-02,Ben Sheppard,IND,MIA,ast,0.985511267496109,0.8,0.1855112674961089,18.469999800000004,poisson,0.0,0,pred_mean_lt_1,ast_hgbr,v1
2025-01-02,Bennedict Mathurin,IND,MIA,ast,1.963593723415969,2.0,-0.03640627658403095,34.6299998,poisson,0.0,1,ok,ast_hgbr,v1
2025-01-02,Jarace Walker,IND,MIA,ast,1.5759284501025212,1.2,0.3759284501025213,17.733332999999995,poisson,0.0,1,ok,ast_hgbr,v1
2025-01-02,Myles Turner,IND,MIA,ast,2.2047551353394175,1.5999999999999999,0.6047551353394176,31.273333399999995,poisson,0.0,1,ok,ast_hgbr,v1
2025-01-02,Obi Toppin,IND,MIA,ast,1.811709824652059,1.7419354838709677,0.06977434078109135,,poisson,0.0,0,minutes_lt_10,ast_hgbr,v1
2025-01-02,Pascal Siakam,IND,MIA,ast,3.326574290084703,3.0000000000000004,0.3265742900847024,30.226666599999994,poisson,0.0,1,ok,ast_hgbr,v1
2025-01-02,T.J. McConnell,IND,MIA,ast,4.666927889452642,3.6,1.0669278894526415,17.843333399999995,poisson,0.0,1,ok,ast_hgbr,v1
2025-01-02,Tyrese Haliburton,IND,MIA,ast,8.875999999462996,8.6,0.27599999946299647,35.6066672,poisson,0.0,1,ok,ast_hgbr,v1
2025-01-02,Amir Coffey,LAC,OKC,ast,1.1734018921958682,0.2,0.9734018921958683,24.259999799999996,poisson,0.0,1,ok,ast_hgbr,v1
2025-01-02,Bones Hyland,LAC,OKC,ast,1.677815727768368,1.2307692307692306,0.44704649699913745,,poisson,0.0,0,minutes_lt_10,ast_hgbr,v1
2025-01-02,Derrick Jones Jr.,LAC,OKC,ast,1.203858727328078,1.0,0.20385872732807808,24.2799994,poisson,0.0,1,ok,ast_hgbr,v1
2025-01-02,Ivica Zubac,LAC,OKC,ast,2.315361900154197,2.4,-0.08463809984580273,33.526666199999994,poisson,0.0,1,ok,ast_hgbr,v1
2025-01-02,James Harden,LAC,OKC,ast,6.1391864854554665,4.8,1.3391864854554667,34.593333599999994,poisson,0.0,1,ok,ast_hgbr,v1
2025-01-02,Jordan Miller,LAC,OKC,ast,1.597457979058468,1.1500000000000001,0.44745797905846785,,poisson,0.0,0,minutes_lt_10,ast_hgbr,v1
2025-01-02,Kai Jones,LAC,OKC,ast,0.4981901300738569,0.4285714285714286,0.06961870150242827,,poisson,0.0,0,minutes_lt_10|pred_mean_lt_1,ast_hgbr,v1
2025-01-02,Kevin Porter Jr.,LAC,OKC,ast,3.7590151616274468,3.06896551724138,0.6900496443860669,,poisson,0.0,0,minutes_lt_10,ast_hgbr,v1
2025-01-02,Kobe Brown,LAC,OKC,ast,0.8446614318601398,0.5,0.34466143186013976,,poisson,0.0,0,minutes_lt_10|pred_mean_lt_1,ast_hgbr,v1
2025-01-02,Kris Dunn,LAC,OKC,ast,2.653139090565601,3.2,-0.546860909434399,29.886666399999996,poisson,0.0,1,ok,ast_hgbr,v1
2025-01-02,Nicolas Batum,LAC,OKC,ast,1.50703163265811,2.1999999999999997,-0.6929683673418898,18.969999799999993,poisson,0.0,1,ok,ast_hgbr,v1
2025-01-02,Norman Powell,LAC,OKC,ast,1.9909853108799707,1.7999999999999998,0.19098531087997084,36.983333599999995,poisson,0.0,1,ok,ast_hgbr,v1
2025-01-02,Anthony Davis,LAL,POR,ast,4.812934727958085,4.6000000000000005,0.21293472795808466,31.82,poisson,0.0,1,ok,ast_hgbr,v1
2025-01-02,Austin Reaves,LAL,POR,ast,7.733888869486921,8.6,-0.8661111305130786,38.006667400000005,poisson,0.0,1,ok,ast_hgbr,v1
2025-01-02,Cam Reddish,LAL,POR,ast,0.7498054165502195,0.9999999999999999,-0.2501945834497804,19.9966662,poisson,0.0,0,pred_mean_lt_1,ast_hgbr,v1
2025-01-02,Dalton Knecht,LAL,POR,ast,0.8171889677616534,1.2,-0.38281103223834656,20.2066668,poisson,0.0,0,pred_mean_lt_1,ast_hgbr,v1
2025-01-02,Dorian Finney-Smith,LAL,POR,ast,1.429830556671607,1.5714285714285714,-0.14159801475696443,,poisson,0.0,0,minutes_lt_10,ast_hgbr,v1
2025-01-02,LeBron James,LAL,POR,ast,7.948255596036253,8.93103448275862,-0.9827788867223664,,poisson,0.0,0,minutes_lt_10,ast_hgbr,v1
2025-01-02,Max Christie,LAL,POR,ast,1.4810620919594613,1.2000000000000002,0.2810620919594611,29.086666799999996,poisson,0.0,1,ok,ast_hgbr,v1
2025-01-02,Rui Hachimura,LAL,POR,ast,1.9095220293348993,0.5999999999999999,1.3095220293348995,34.146666999999994,poisson,0.0,1,ok,ast_hgbr,v1
2025-01-02,Shake Milton,LAL,POR,ast,2.6007919483878816,2.285714285714286,0.3150776626735956,,poisson,0.0,0,minutes_lt_10,ast_hgbr,v1
2025-01-02,Alec Burks,MIA,IND,ast,1.4546445375856383,0.8,0.6546445375856382,22.409999799999998,poisson,0.0,1,ok,ast_hgbr,v1
2025-01-02,Bam Adebayo,MIA,IND,ast,5.623870563839009,5.4,0.22387056383900905,33.5699998,poisson,0.0,1,ok,ast_hgbr,v1
2025-01-02,Duncan Robinson,MIA,IND,ast,2.4582338206348684,2.5172413793103448,-0.05900755867547636,,poisson,0.0,0,minutes_lt_10,ast_hgbr,v1
2025-01-02,Haywood Highsmith,MIA,IND,ast,1.589268814222457,1.2000000000000002,0.38926881422245674,29.450000199999995,poisson,0.0,1,ok,ast_hgbr,v1
2025-01-02,Jaime Jaquez Jr.,MIA,IND,ast,2.1693567592902596,1.8,0.3693567592902596,23.116666799999994,poisson,0.0,1,ok,ast_hgbr,v1
2025-01-02,Jimmy Butler,MIA,IND,ast,3.7961202312212117,4.714285714285714,-0.9181654830645027,,poisson,0.0,0,minutes_lt_10,ast_hgbr,v1
2025-01-02,Kel'el Ware,MIA,IND,ast,0.5416066041261477,0.8,-0.25839339587385235,14.203333399999995,poisson,0.0,0,pred_mean_lt_1,ast_hgbr,v1
2025-01-02,Kevin Love,MIA,IND,ast,1.9486501089982982,1.1875,0.7611501089982982,,poisson,0.0,0,minutes_lt_10,ast_hgbr,v1
2025-01-02,Nikola Jović,MIA,IND,ast,2.3550071530236205,4.4,-2.04499284697638,27.686666399999996,poisson,0.0,1,ok,ast_hgbr,v1
2025-01-02,Terry Rozier,MIA,IND,ast,2.3664266382035697,2.740740740740741,-0.37431410253717123,,poisson,0.0,0,minutes_lt_10,ast_hgbr,v1
2025-01-02,Tyler Herro,MIA,IND,ast,5.887177115637825,6.800000000000001,-0.9128228843621757,36.766667399999996,poisson,0.0,1,ok,ast_hgbr,v1
2025-01-02,A.J. Green,MIL,BRK,ast,1.8478262400705248,2.5999999999999996,-0.7521737599294749,25.136667,poisson,0.0,1,ok,ast_hgbr,v1
2025-01-02,Andre Jackson Jr.,MIL,BRK,ast,1.6079751963282527,1.8000000000000003,-0.19202480367174757,19.8566664,poisson,0.0,1,ok,ast_hgbr,v1
2025-01-02,Bobby Portis,MIL,BRK,ast,3.662858317739862,5.0,-1.337141682260138,32.839999999999996,poisson,0.0,1,ok,ast_hgbr,v1
2025-01-02,Brook Lopez,MIL,BRK,ast,2.0572024928961516,1.9999999999999998,0.05720249289615187,32.4766662,poisson,0.0,1,ok,ast_hgbr,v1
2025-01-02,Damian Lillard,MIL,BRK,ast,8.584851124826518,7.625,0.9598511248265176,,poisson,0.0,0,minutes_lt_10,ast_hgbr,v1
2025-01-02,Delon Wright,MIL,BRK,ast,2.3274553187104625,1.9090909090909092,0.41836440961955335,,poisson,0.0,0,minutes_lt_10,ast_hgbr,v1
2025-01-02,Gary Trent Jr.,MIL,BRK,ast,1.324020188701834,0.7999999999999999,0.524020188701834,22.919999799999992,poisson,0.0,1,ok,ast_hgbr,v1
2025-01-02,Giannis Antetokounmpo,MIL,BRK,ast,5.9230166268395985,5.96,-0.036983373160401456,,poisson,0.0,0,minutes_lt_10,ast_hgbr,v1
2025-01-02,Khris Middleton,MIL,BRK,ast,5.543986752392424,5.800000000000001,-0.2560132476075765,26.319999799999994,poisson,0.0,1,ok,ast_hgbr,v1
2025-01-02,Pat Connaughton,MIL,BRK,ast,2.0852120907009524,1.625,0.46021209070095237,,poisson,0.0,0,minutes_lt_10,ast_hgbr,v1
2025-01-02,Taurean Prince,MIL,BRK,ast,1.688282662463474,1.2,0.48828266246347396,23.18666659999999,poisson,0.0,1,ok,ast_hgbr,v1
2025-01-02,Anthony Edwards,MIN,BOS,ast,3.1729617783451856,3.6,-0.42703822165481453,36.7633332,poisson,0.0,1,ok,ast_hgbr,v1
2025-01-02,Donte DiVincenzo,MIN,BOS,ast,3.774313637877046,3.4,0.3743136378770462,28.7999994,poisson,0.0,1,ok,ast_hgbr,v1
2025-01-02,Jaden McDaniels,MIN,BOS,ast,1.5554851656421786,0.8,0.7554851656421786,26.953333399999998,poisson,0.0,1,ok,ast_hgbr,v1
2025-01-02,Josh Minott,MIN,BOS,ast,0.4477835810402328,1.2,-0.7522164189597671,9.066666719999997,poisson,0.0,0,minutes_lt_10|pred_mean_lt_1,ast_hgbr,v1
2025-01-02,Julius Randle,MIN,BOS,ast,5.080331115538971,6.6000000000000005,-1.519668884461029,33.5966662,poisson,0.0,1,ok,ast_hgbr,v1
2025-01-02,Luka Garza,MIN,BOS,ast,0.7774517552147878,0.1111111111111111,0.6663406441036768,,poisson,0.0,0,minutes_lt_10|pred_mean_lt_1,ast_hgbr,v1
2025-01-02,Mike Conley,MIN,BOS,ast,3.420016624820415,3.6,-0.17998337517958518,24.526666799999994,poisson,0.0,1,ok,ast_hgbr,v1
2025-01-02,Naz Reid,MIN,BOS,ast,1.7423040978764264,1.7999999999999998,-0.05769590212357345,25.726666599999998,poisson,0.0,1,ok,ast_hgbr,v1
2025-01-02,Nickeil Alexander-Walker,MIN,BOS,ast,2.0371823373862576,2.8,-0.7628176626137422,21.653333199999995,poisson,0.0,1,ok,ast_hgbr,v1
2025-01-02,Rudy Gobert,MIN,BOS,ast,1.8985772882514647,0.6000000000000001,1.2985772882514646,31.600000599999994,poisson,0.0,1,ok,ast_hgbr,v1
2025-01-02,Aaron Wiggins,OKC,LAC,ast,1.2966954279143348,0.8,0.49669542791433474,18.039999899999998,poisson,0.0,1,ok,ast_hgbr,v1
2025-01-02,Ajay Mitchell,OKC,LAC,ast,1.425563167459146,1.8,-0.374436832540854,21.6833338,poisson,0.0,1,ok,ast_hgbr,v1
2025-01-02,Alex Caruso,OKC,LAC,ast,2.7617265915249147,2.45,0.31172659152491455,,poisson,0.0,0,minutes_lt_10,ast_hgbr,v1
2025-01-02,Cason Wallace,OKC,LAC,ast,2.079148550260926,2.3870967741935485,-0.30794822393262233,,poisson,0.0,0,minutes_lt_10,ast_hgbr,v1
2025-01-02,Isaiah Hartenstein,OKC,LAC,ast,3.572648145987135,3.6,-0.027351854012865218,28.850000199999993,poisson,0.0,1,ok,ast_hgbr,v1
2025-01-02,Isaiah Joe,OKC,LAC,ast,1.4016144167284388,0.8,0.6016144167284387,17.363333399999995,poisson,0.0,1,ok,ast_hgbr,v1
2025-01-02,Jalen Williams,OKC,LAC,ast,5.245042200781831,6.0,-0.7549577992181691,32.313334,poisson,0.0,1,ok,ast_hgbr,v1
2025-01-02,Jaylin Williams,OKC,LAC,ast,1.2752086940190206,2.2,-0.9247913059809796,11.993333119999994,poisson,0.0,1,ok,ast_hgbr,v1
2025-01-02,Kenrich Williams,OKC,LAC,ast,1.2820201512885596,1.0,0.2820201512885596,15.573333399999996,poisson,0.0,1,ok,ast_hgbr,v1
2025-01-02,Luguentz Dort,OKC,LAC,ast,1.4875977967566818,1.6451612903225805,-0.15756349356589872,,poisson,0.0,0,minutes_lt_10,ast_hgbr,v1
2025-01-02,Shai Gilgeous-Alexander,OKC,LAC,ast,6.0969958142469505,5.199999999999999,0.8969958142469512,33.75333379999999,poisson,0.0,1,ok,ast_hgbr,v1
2025-01-02,Andre Drummond,PHI,GSW,ast,1.0650483066617382,0.56,0.5050483066617382,,poisson,0.0,0,minutes_lt_10,ast_hgbr,v1
2025-01-02,Caleb Martin,PHI,GSW,ast,1.254746915107699,1.4000000000000001,-0.14525308489230104,35.4633338,poisson,0.0,1,ok,ast_hgbr,v1
2025-01-02,Eric Gordon,PHI,GSW,ast,1.696290407695344,1.3499999999999999,0.34629040769534414,,poisson,0.0,0,minutes_lt_10,ast_hgbr,v1
2025-01-02,Guerschon Yabusele,PHI,GSW,ast,1.64077525771015,1.8,-0.15922474228985006,26.570000199999992,poisson,0.0,1,ok,ast_hgbr,v1
2025-01-02,Jared McCain,PHI,GSW,ast,2.24547833219197,2.608695652173913,-0.3632173199819433,,poisson,0.0,0,minutes_lt_10,ast_hgbr,v1
2025-01-02,Joel Embiid,PHI,GSW,ast,3.362471049416331,3.818181818181818,-0.4557107687654871,,poisson,0.0,0,minutes_lt_10,ast_hgbr,v1
2025-01-02,KJ Martin,PHI,GSW,ast,1.1175699475936685,0.7916666666666666,0.3259032809270018,,poisson,0.0,0,minutes_lt_10,ast_hgbr,v1
2025-01-02,Kelly Oubre Jr.,PHI,GSW,ast,1.7172144435451453,1.5333333333333334,0.18388111021181186,,poisson,0.0,0,minutes_lt_10,ast_hgbr,v1
2025-01-02,Kyle Lowry,PHI,GSW,ast,2.522832114207754,2.7826086956521734,-0.2597765814444193,,poisson,0.0,0,minutes_lt_10,ast_hgbr,v1
2025-01-02,Paul George,PHI,GSW,ast,5.280956516182658,3.8000000000000003,1.480956516182658,32.270000399999994,poisson,0.0,1,ok,ast_hgbr,v1
2025-01-02,Reggie Jackson,PHI,GSW,ast,1.892852205032488,1.4,0.49285220503248817,13.576666799999995,poisson,0.0,1,ok,ast_hgbr,v1
2025-01-02,Tyrese Maxey,PHI,GSW,ast,4.480759569008728,7.2,-2.719240430991272,40.089999999999996,poisson,0.0,1,ok,ast_hgbr,v1
2025-01-02,Anfernee Simons,POR,LAL,ast,6.215055516444156,5.2,1.0150555164441561,32.3466674,poisson,0.0,1,ok,ast_hgbr,v1
2025-01-02,Dalano Banton,POR,LAL,ast,3.393345511550158,2.64,0.7533455115501577,,poisson,0.0,0,minutes_lt_10,ast_hgbr,v1
2025-01-02,Deandre Ayton,POR,LAL,ast,2.0551974197738807,1.5999999999999999,0.45519741977388084,30.8499998,poisson,0.0,1,ok,ast_hgbr,v1
2025-01-02,Deni Avdija,POR,LAL,ast,3.9314510494046844,4.0,-0.06854895059531563,29.033333199999998,poisson,0.0,1,ok,ast_hgbr,v1
2025-01-02,Donovan Clingan,POR,LAL,ast,0.9048166841051365,0.7999999999999999,0.10481668410513656,12.5099998,poisson,0.0,0,pred_mean_lt_1,ast_hgbr,v1
2025-01-02,Jerami Grant,POR,LAL,ast,2.348283338461422,2.3448275862068964,0.003455752254525546,,poisson,0.0,0,minutes_lt_10,ast_hgbr,v1
2025-01-02,Kris Murray,POR,LAL,ast,0.9823340242791374,0.9999999999999999,-0.01766597572086248,10.456666499999994,poisson,0.0,0,pred_mean_lt_1,ast_hgbr,v1
2025-01-02,Robert Williams,POR,LAL,ast,1.3534420588037255,1.0909090909090908,0.26253296789463465,,poisson,0.0,0,minutes_lt_10,ast_hgbr,v1
2025-01-02,Scoot Henderson,POR,LAL,ast,4.283260882132946,5.6,-1.316739117867054,26.446667399999995,poisson,0.0,1,ok,ast_hgbr,v1
2025-01-02,Shaedon Sharpe,POR,LAL,ast,2.585048988122602,2.2,0.3850489881226018,31.543333399999995,poisson,0.0,1,ok,ast_hgbr,v1
2025-01-02,Toumani Camara,POR,LAL,ast,1.5191309138582416,1.903225806451613,-0.3840948925933714,,poisson,0.0,0,minutes_lt_10,ast_hgbr,v1
2025-01-02,Al Horford,BOS,MIN,fg3,1.6492739873081936,2.690909090909091,-1.0416351036008973,27.983333400000003,nbinom,0.16167095985722266,1,ok,fg3_composed,v1
2025-01-02,Derrick White,BOS,MIN,fg3,3.140544801427187,3.0072289156626506,0.13331588576453646,33.896666999999994,nbinom,0.16167095985722266,1,ok,fg3_composed,v1
2025-01-02,Drew Peterson,BOS,MIN,fg3,0.8840126140326177,0.6000000000000001,0.28401261403261757,,nbinom,0.16167095985722266,0,minutes_lt_10,fg3_composed,v1
2025-01-02,Jaylen Brown,BOS,MIN,fg3,1.9064279360913459,2.0945454545454547,-0.18811751845410885,35.770000399999994,nbinom,0.16167095985722266,1,ok,fg3_composed,v1
2025-01-02,Jayson Tatum,BOS,MIN,fg3,2.566241003517726,3.8666666666666663,-1.3004256631489404,,nbinom,0.16167095985722266,0,minutes_lt_10,fg3_composed,v1
2025-01-02,Jordan Walsh,BOS,MIN,fg3,0.6839793548253077,0.3333333333333333,0.3506460214919744,,nbinom,0.16167095985722266,0,minutes_lt_10,fg3_composed,v1
2025-01-02,Jrue Holiday,BOS,MIN,fg3,1.4293540671364802,1.8518518518518519,-0.4224977847153717,,nbinom,0.16167095985722266,0,minutes_lt_10,fg3_composed,v1
2025-01-02,Kristaps Porziņģis,BOS,MIN,fg3,1.7086121508214376,2.0,-0.2913878491785624,,nbinom,0.16167095985722266,0,minutes_lt_10,fg3_composed,v1
2025-01-02,Luke Kornet,BOS,MIN,fg3,0.0,0.0,0.0,17.209999999999994,nbinom,0.16167095985722266,0,pred_mean_lt_0p5|fg3a_lt_1p5,fg3_composed,v1
2025-01-02,Neemias Queta,BOS,MIN,fg3,0.5042119819960067,0.0,0.5042119819960067,,nbinom,0.16167095985722266,0,minutes_lt_10|fg3a_lt_1p5,fg3_composed,v1
2025-01-02,Payton Pritchard,BOS,MIN,fg3,3.1164883864300927,3.3428571428571425,-0.2263687564270498,27.316666599999998,nbinom,0.16167095985722266,1,ok,fg3_composed,v1
2025-01-02,Sam Hauser,BOS,MIN,fg3,1.455442463055947,1.4151724137931034,0.04027004926284361,17.379999999999992,nbinom,0.16167095985722266,1,ok,fg3_composed,v1
2025-01-02,Ben Simmons,BRK,MIL,fg3,0.4805129934492626,0.0,0.4805129934492626,,nbinom,0.16167095985722266,0,minutes_lt_10|pred_mean_lt_0p5|fg3a_lt_1p5,fg3_composed,v1
2025-01-02,D'Angelo Russell,BRK,MIL,fg3,1.7662760186671707,1.9333333333333331,-0.16705731466616247,,nbinom,0.16167095985722266,0,minutes_lt_10,fg3_composed,v1
2025-01-02,Andrew Wiggins,GSW,PHI,fg3,2.03009446168464,2.2773333333333334,-0.24723887164869351,31.859999800000004,nbinom,0.16167095985722266,1,ok,fg3_composed,v1
2025-01-02,Dennis Schröder,GSW,PHI,fg3,1.9814329169389002,1.8369565217391306,0.14447639519976962,29.153334,nbinom,0.16167095985722266,1,ok,fg3_composed,v1
2025-01-02,Kyle Anderson,GSW,PHI,fg3,0.97172243920737,0.576923076923077,0.394799362284293,,nbinom,0.16167095985722266,0,minutes_lt_10,fg3_composed,v1
2025-01-02,Lindy Waters III,GSW,PHI,fg3,1.4563527510168213,1.28,0.17635275101682124,,nbinom,0.16167095985722266,0,minutes_lt_10,fg3_composed,v1
2025-01-02,Andrew Nembhard,IND,MIA,fg3,1.090079404701435,0.8421052631578947,0.24797414154354036,,nbinom,0.16167095985722266,0,minutes_lt_10,fg3_composed,v1
2025-01-02,Ben Sheppard,IND,MIA,fg3,1.2820983383698725,1.292957746478873,-0.010859408109000546,18.469999800000004,nbinom,0.16167095985722266,1,ok,fg3_composed,v1
2025-01-02,Bennedict Mathurin,IND,MIA,fg3,1.4533064710220003,1.053658536585366,0.3996479344366344,34.6299998,nbinom,0.16167095985722266,1,ok,fg3_composed,v1
2025-01-02,Jarace Walker,IND,MIA,fg3,1.0875037901650157,1.2800000000000002,-0.1924962098349845,17.733332999999995,nbinom,0.16167095985722266,1,ok,fg3_composed,v1
2025-01-02,Myles Turner,IND,MIA,fg3,1.8766254360777643,1.6355555555555554,0.2410698805222089,31.273333399999995,nbinom,0.16167095985722266,1,ok,fg3_composed,v1
2025-01-02,Obi Toppin,IND,MIA,fg3,1.5514167780384398,1.2258064516129032,0.32561032642553656,,nbinom,0.16167095985722266,0,minutes_lt_10,fg3_composed,v1
2025-01-02,Pascal Siakam,IND,MIA,fg3,1.73052537662701,2.4916666666666667,-0.7611412900396568,30.226666599999994,nbinom,0.16167095985722266,1,ok,fg3_composed,v1
2025-01-02,T.J. McConnell,IND,MIA,fg3,0.327686585832379,0.48,-0.152313414167621,17.843333399999995,nbinom,0.16167095985722266,0,pred_mean_lt_0p5|fg3a_lt_1p5,fg3_composed,v1
2025-01-02,Tyrese Haliburton,IND,MIA,fg3,2.597830489156541,2.037837837837838,0.5599926513187032,35.6066672,nbinom,0.16167095985722266,1,ok,fg3_composed,v1
2025-01-02,Amir Coffey,LAC,OKC,fg3,1.031196096680184,1.1142857142857143,-0.08308961760553024,24.259999799999996,nbinom,0.16167095985722266,1,ok,fg3_composed,v1
2025-01-02,Bones Hyland,LAC,OKC,fg3,1.3942009296916604,1.8461538461538463,-0.4519529164621858,,nbinom,0.16167095985722266,0,minutes_lt_10,fg3_composed,v1
2025-01-02,Derrick Jones Jr.,LAC,OKC,fg3,1.1323612728642858,1.2703296703296703,-0.13796839746538447,24.2799994,nbinom,0.16167095985722266,1,ok,fg3_composed,v1
2025-01-02,Ivica Zubac,LAC,OKC,fg3,0.0,0.0,0.0,33.526666199999994,nbinom,0.16167095985722266,0,pred_mean_lt_0p5|fg3a_lt_1p5,fg3_composed,v1
2025-01-02,James Harden,LAC,OKC,fg3,2.1714275361181787,2.7091603053435116,-0.5377327692253329,34.593333599999994,nbinom,0.16167095985722266,1,ok,fg3_composed,v1
2025-01-02,Jordan Miller,LAC,OKC,fg3,0.8823967180403387,0.35,0.5323967180403387,,nbinom,0.16167095985722266,0,minutes_lt_10,fg3_composed,v1
2025-01-02,Kai Jones,LAC,OKC,fg3,0.45646375700402625,0.0,0.45646375700402625,,nbinom,0.16167095985722266,0,minutes_lt_10|pred_mean_lt_0p5|fg3a_lt_1p5,fg3_composed,v1
2025-01-02,Kevin Porter Jr.,LAC,OKC,fg3,1.2599987356185405,0.6551724137931034,0.604826321825437,,nbinom,0.16167095985722266,0,minutes_lt_10,fg3_composed,v1
2025-01-02,Kobe Brown,LAC,OKC,fg3,0.580089510280584,0.25,0.330089510280584,,nbinom,0.16167095985722266,0,minutes_lt_10,fg3_composed,v1
2025-01-02,Kris Dunn,LAC,OKC,fg3,1.1665872403602262,1.3951219512195123,-0.22853471085928612,29.886666399999996,nbinom,0.16167095985722266,1,ok,fg3_composed,v1
2025-01-02,Nicolas Batum,LAC,OKC,fg3,0.5987269131746358,0.5894736842105263,0.009253228964109517,18.969999799999993,nbinom,0.16167095985722266,1,ok,fg3_composed,v1
2025-01-02,Norman Powell,LAC,OKC,fg3,2.281857389880131,4.331162790697674,-2.0493054008175435,36.983333599999995,nbinom,0.16167095985722266,1,ok,fg3_composed,v1
2025-01-02,Anthony Davis,LAL,POR,fg3,0.6068379648997747,0.44800000000000006,0.15883796489977464,31.82,nbinom,0.16167095985722266,1,ok,fg3_composed,v1
2025-01-02,Austin Reaves,LAL,POR,fg3,2.567422376849522,2.1649484536082473,0.4024739232412746,38.006667400000005,nbinom,0.16167095985722266,1,ok,fg3_composed,v1
2025-01-02,Cam Reddish,LAL,POR,fg3,0.4285050519096447,0.19999999999999998,0.22850505190964474,19.9966662,nbinom,0.16167095985722266,0,pred_mean_lt_0p5,fg3_composed,v1
2025-01-02,Dalton Knecht,LAL,POR,fg3,1.8995820485812196,0.6181818181818182,1.2814002303994014,20.2066668,nbinom,0.16167095985722266,1,ok,fg3_composed,v1
2025-01-02,Dorian Finney-Smith,LAL,POR,fg3,2.1793943867530983,2.238095238095238,-0.05870085134213987,,nbinom,0.16167095985722266,0,minutes_lt_10,fg3_composed,v1
2025-01-02,LeBron James,LAL,POR,fg3,1.835245590193623,2.03448275862069,-0.19923716842706685,,nbinom,0.16167095985722266,0,minutes_lt_10,fg3_composed,v1
2025-01-02,Max Christie,LAL,POR,fg3,1.3688957407328932,2.0923076923076924,-0.7234119515747992,29.086666799999996,nbinom,0.16167095985722266,1,ok,fg3_composed,v1
2025-01-02,Rui Hachimura,LAL,POR,fg3,1.6917181855035763,1.9555555555555557,-0.2638373700519794,34.146666999999994,nbinom,0.16167095985722266,1,ok,fg3_composed,v1
2025-01-02,Shake Milton,LAL,POR,fg3,1.1096101896281483,1.0714285714285714,0.03818161819957688,,nbinom,0.16167095985722266,0,minutes_lt_10,fg3_composed,v1
2025-01-02,Alec Burks,MIA,IND,fg3,1.4653589459113785,2.037037037037037,-0.5716780911256587,22.409999799999998,nbinom,0.16167095985722266,1,ok,fg3_composed,v1
2025-01-02,Bam Adebayo,MIA,IND,fg3,0.8850838020309942,0.2782608695652174,0.6068229324657768,33.5699998,nbinom,0.16167095985722266,1,ok,fg3_composed,v1
2025-01-02,Duncan Robinson,MIA,IND,fg3,2.1068120960115393,2.5517241379310347,-0.4449120419194954,,nbinom,0.16167095985722266,0,minutes_lt_10,fg3_composed,v1
2025-01-02,Haywood Highsmith,MIA,IND,fg3,1.3679195511310998,1.696969696969697,-0.32905014583859726,29.450000199999995,nbinom,0.16167095985722266,1,ok,fg3_composed,v1
2025-01-02,Jaime Jaquez Jr.,MIA,IND,fg3,0.6242207329505847,0.5909090909090909,0.03331164204149373,23.116666799999994,nbinom,0.16167095985722266,1,ok,fg3_composed,v1
2025-01-02,Jimmy Butler,MIA,IND,fg3,0.8335006309398885,0.5238095238095238,0.30969110713036463,,nbinom,0.16167095985722266,0,minutes_lt_10,fg3_composed,v1
2025-01-02,Kel'el Ware,MIA,IND,fg3,0.2684207793727568,0.3333333333333333,-0.06491255396057649,14.203333399999995,nbinom,0.16167095985722266,0,pred_mean_lt_0p5|fg3a_lt_1p5,fg3_composed,v1
2025-01-02,Kevin Love,MIA,IND,fg3,1.5338285464930943,1.125,0.4088285464930943,,nbinom,0.16167095985722266,0,minutes_lt_10,fg3_composed,v1
2025-01-02,Nikola Jović,MIA,IND,fg3,1.513949252986791,1.5555555555555556,-0.04160630256876452,27.686666399999996,nbinom,0.16167095985722266,1,ok,fg3_composed,v1
2025-01-02,Terry Rozier,MIA,IND,fg3,1.4348898914104564,1.7037037037037037,-0.2688138122932473,,nbinom,0.16167095985722266,0,minutes_lt_10,fg3_composed,v1
2025-01-02,Tyler Herro,MIA,IND,fg3,3.4039749332136986,3.0857142857142854,0.3182606474994132,36.766667399999996,nbinom,0.16167095985722266,1,ok,fg3_composed,v1
2025-01-02,A.J. Green,MIL,BRK,fg3,2.253806494386417,2.1375,0.11630649438641694,25.136667,nbinom,0.16167095985722266,1,ok,fg3_composed,v1
2025-01-02,Andre Jackson Jr.,MIL,BRK,fg3,0.47065657531474625,0.375,0.09565657531474625,19.8566664,nbinom,0.16167095985722266,0,pred_mean_lt_0p5,fg3_composed,v1
2025-01-02,Bobby Portis,MIL,BRK,fg3,1.679895736149141,2.2399999999999998,-0.5601042638508589,32.839999999999996,nbinom,0.16167095985722266,1,ok,fg3_composed,v1
2025-01-02,Brook Lopez,MIL,BRK,fg3,1.679051807853291,2.4000000000000004,-0.7209481921467094,32.4766662,nbinom,0.16167095985722266,1,ok,fg3_composed,v1
2025-01-02,Damian Lillard,MIL,BRK,fg3,3.5442896393704437,3.4166666666666665,0.1276229727037772,,nbinom,0.16167095985722266,0,minutes_lt_10,fg3_composed,v1
2025-01-02,Delon Wright,MIL,BRK,fg3,0.8332537167304684,0.5,0.33325371673046844,,nbinom,0.16167095985722266,0,minutes_lt_10,fg3_composed,v1
2025-01-02,Gary Trent Jr.,MIL,BRK,fg3,2.1381271331886835,2.4840000000000004,-0.3458728668113169,22.919999799999992,nbinom,0.16167095985722266,1,ok,fg3_composed,v1
2025-01-02,Giannis Antetokounmpo,MIL,BRK,fg3,0.17976292355189727,0.15999999999999998,0.019762923551897293,,nbinom,0.16167095985722266,0,minutes_lt_10|pred_mean_lt_0p5|fg3a_lt_1p5,fg3_composed,v1
2025-01-02,Khris Middleton,MIL,BRK,fg3,1.7733655753521071,2.5024390243902443,-0.7290734490381372,26.319999799999994,nbinom,0.16167095985722266,1,ok,fg3_composed,v1
2025-01-02,Pat Connaughton,MIL,BRK,fg3,0.9518342272000881,0.875,0.07683422720008815,,nbinom,0.16167095985722266,0,minutes_lt_10,fg3_composed,v1
2025-01-02,Taurean Prince,MIL,BRK,fg3,1.0725896640903627,0.8484848484848485,0.2241048156055142,23.18666659999999,nbinom,0.16167095985722266,1,ok,fg3_composed,v1
2025-01-02,Anthony Edwards,MIN,BOS,fg3,3.0036895745964944,2.982278481012658,0.021411093583836305,36.7633332,nbinom,0.16167095985722266,1,ok,fg3_composed,v1
2025-01-02,Donte DiVincenzo,MIN,BOS,fg3,2.608220563804609,3.2941176470588234,-0.6858970832542144,28.7999994,nbinom,0.16167095985722266,1,ok,fg3_composed,v1
2025-01-02,Jaden McDaniels,MIN,BOS,fg3,1.620003208370877,0.8235294117647058,0.7964737966061712,26.953333399999998,nbinom,0.16167095985722266,1,ok,fg3_composed,v1
2025-01-02,Josh Minott,MIN,BOS,fg3,0.7505204814674792,0.3684210526315789,0.38209942883590026,9.066666719999997,nbinom,0.16167095985722266,0,minutes_lt_10,fg3_composed,v1
2025-01-02,Julius Randle,MIN,BOS,fg3,1.6493226018243274,2.088,-0.43867739817567264,33.5966662,nbinom,0.16167095985722266,1,ok,fg3_composed,v1
2025-01-02,Luka Garza,MIN,BOS,fg3,0.9791854056136446,0.2222222222222222,0.7569631833914224,,nbinom,0.16167095985722266,0,minutes_lt_10,fg3_composed,v1
2025-01-02,Mike Conley,MIN,BOS,fg3,1.733585536554225,1.875,-0.14141446344577502,24.526666799999994,nbinom,0.16167095985722266,1,ok,fg3_composed,v1
2025-01-02,Naz Reid,MIN,BOS,fg3,1.7687789805954628,1.429787234042553,0.33899174655290976,25.726666599999998,nbinom,0.16167095985722266,1,ok,fg3_composed,v1
2025-01-02,Nickeil Alexander-Walker,MIN,BOS,fg3,1.6030205980601335,2.0809523809523807,-0.47793178289224714,21.653333199999995,nbinom,0.16167095985722266,1,ok,fg3_composed,v1
2025-01-02,Rudy Gobert,MIN,BOS,fg3,0.0,0.0,0.0,31.600000599999994,nbinom,0.16167095985722266,0,pred_mean_lt_0p5|fg3a_lt_1p5,fg3_composed,v1
2025-01-02,Aaron Wiggins,OKC,LAC,fg3,1.5130203714202086,1.3125,0.20052037142020862,18.039999899999998,nbinom,0.16167095985722266,1,ok,fg3_composed,v1
2025-01-02,Ajay Mitchell,OKC,LAC,fg3,0.9171393359149084,1.3333333333333333,-0.4161939974184249,21.6833338,nbinom,0.16167095985722266,1,ok,fg3_composed,v1
2025-01-02,Alex Caruso,OKC,LAC,fg3,1.6039100436190943,0.8500000000000001,0.7539100436190942,,nbinom,0.16167095985722266,0,minutes_lt_10,fg3_composed,v1
2025-01-02,Cason Wallace,OKC,LAC,fg3,1.3325689220117456,0.903225806451613,0.4293431155601326,,nbinom,0.16167095985722266,0,minutes_lt_10,fg3_composed,v1
2025-01-02,Isaiah Hartenstein,OKC,LAC,fg3,0.15593052956107528,0.0,0.15593052956107528,28.850000199999993,nbinom,0.16167095985722266,0,pred_mean_lt_0p5|fg3a_lt_1p5,fg3_composed,v1
2025-01-02,Isaiah Joe,OKC,LAC,fg3,1.6900466576370863,1.4693877551020407,0.2206589025350456,17.363333399999995,nbinom,0.16167095985722266,1,ok,fg3_composed,v1
2025-01-02,Jalen Williams,OKC,LAC,fg3,1.2821168862303125,1.3584905660377358,-0.07637367980742327,32.313334,nbinom,0.16167095985722266,1,ok,fg3_composed,v1
2025-01-02,Jaylin Williams,OKC,LAC,fg3,1.9180605497199883,1.4,0.5180605497199884,11.993333119999994,nbinom,0.16167095985722266,1,ok,fg3_composed,v1
2025-01-02,Kenrich Williams,OKC,LAC,fg3,1.0847400628348989,1.3,-0.21525993716510117,15.573333399999996,nbinom,0.16167095985722266,1,ok,fg3_composed,v1
2025-01-02,Luguentz Dort,OKC,LAC,fg3,1.434966319492873,2.1935483870967745,-0.7585820676039015,,nbinom,0.16167095985722266,0,minutes_lt_10,fg3_composed,v1
2025-01-02,Shai Gilgeous-Alexander,OKC,LAC,fg3,2.0047216109698374,2.196610169491526,-0.1918885585216885,33.75333379999999,nbinom,0.16167095985722266,1,ok,fg3_composed,v1
2025-01-02,Andre Drummond,PHI,GSW,fg3,0.44734712119065156,0.039999999999999994,0.4073471211906516,,nbinom,0.16167095985722266,0,minutes_lt_10|pred_mean_lt_0p5,fg3_composed,v1
2025-01-02,Caleb Martin,PHI,GSW,fg3,1.310159940373871,1.678947368421053,-0.3687874280471819,35.4633338,nbinom,0.16167095985722266,1,ok,fg3_composed,v1
2025-01-02,Eric Gordon,PHI,GSW,fg3,1.1390715170055108,0.8499999999999999,0.2890715170055109,,nbinom,0.16167095985722266,0,minutes_lt_10,fg3_composed,v1
2025-01-02,Guerschon Yabusele,PHI,GSW,fg3,1.9088966663239966,1.6,0.3088966663239965,26.570000199999992,nbinom,0.16167095985722266,1,ok,fg3_composed,v1
2025-01-02,Jared McCain,PHI,GSW,fg3,2.232929079645134,2.2173913043478257,0.015537775297308265,,nbinom,0.16167095985722266,0,minutes_lt_10,fg3_composed,v1
2025-01-02,Joel Embiid,PHI,GSW,fg3,1.1048707083914568,1.1818181818181819,-0.07694747342672503,,nbinom,0.16167095985722266,0,minutes_lt_10,fg3_composed,v1
2025-01-02,KJ Martin,PHI,GSW,fg3,0.6486489601626115,0.3333333333333333,0.3153156268292782,,nbinom,0.16167095985722266,0,minutes_lt_10,fg3_composed,v1
2025-01-02,Kelly Oubre Jr.,PHI,GSW,fg3,1.227947253919542,1.2333333333333334,-0.005386079413791434,,nbinom,0.16167095985722266,0,minutes_lt_10,fg3_composed,v1
2025-01-02,Kyle Lowry,PHI,GSW,fg3,1.183759480724272,0.9130434782608696,0.2707160024634023,,nbinom,0.16167095985722266,0,minutes_lt_10,fg3_composed,v1
2025-01-02,Paul George,PHI,GSW,fg3,1.797310162174074,1.8677966101694914,-0.07048644799541748,32.270000399999994,nbinom,0.16167095985722266,1,ok,fg3_composed,v1
2025-01-02,Reggie Jackson,PHI,GSW,fg3,1.0443729106882873,0.75,0.2943729106882873,13.576666799999995,nbinom,0.16167095985722266,1,ok,fg3_composed,v1
2025-01-02,Tyrese Maxey,PHI,GSW,fg3,3.5559189644090403,4.0,-0.4440810355909597,40.089999999999996,nbinom,0.16167095985722266,1,ok,fg3_composed,v1
2025-01-02,Anfernee Simons,POR,LAL,fg3,3.5160139013346186,2.6341463414634148,0.8818675598712038,32.3466674,nbinom,0.16167095985722266,1,ok,fg3_composed,v1
2025-01-02,Dalano Banton,POR,LAL,fg3,1.4394093939016859,1.24,0.19940939390168588,,nbinom,0.16167095985722266,0,minutes_lt_10,fg3_composed,v1
2025-01-02,Deandre Ayton,POR,LAL,fg3,0.28721149703260324,0.288,-0.0007885029673967425,30.8499998,nbinom,0.16167095985722266,0,pred_mean_lt_0p5|fg3a_lt_1p5,fg3_composed,v1
2025-01-02,Deni Avdija,POR,LAL,fg3,1.0737949917778777,1.7000000000000002,-0.6262050082221224,29.033333199999998,nbinom,0.16167095985722266,1,ok,fg3_composed,v1
2025-01-02,Donovan Clingan,POR,LAL,fg3,0.09985519036875731,0.1875,-0.08764480963124269,12.5099998,nbinom,0.16167095985722266,0,pred_mean_lt_0p5|fg3a_lt_1p5,fg3_composed,v1
2025-01-02,Jerami Grant,POR,LAL,fg3,1.5854767398409964,2.4482758620689653,-0.862799122227969,,nbinom,0.16167095985722266,0,minutes_lt_10,fg3_composed,v1
2025-01-02,Kris Murray,POR,LAL,fg3,0.36364246411295775,0.18333333333333335,0.1803091307796244,10.456666499999994,nbinom,0.16167095985722266,0,pred_mean_lt_0p5|fg3a_lt_1p5,fg3_composed,v1
2025-01-02,Robert Williams,POR,LAL,fg3,0.46193238058119424,0.0909090909090909,0.37102328967210335,,nbinom,0.16167095985722266,0,minutes_lt_10|pred_mean_lt_0p5|fg3a_lt_1p5,fg3_composed,v1
2025-01-02,Scoot Henderson,POR,LAL,fg3,1.1254396944448897,1.395505617977528,-0.27006592353263836,26.446667399999995,nbinom,0.16167095985722266,1,ok,fg3_composed,v1
2025-01-02,Shaedon Sharpe,POR,LAL,fg3,2.056262674602982,1.8424242424242427,0.21383843217873943,31.543333399999995,nbinom,0.16167095985722266,1,ok,fg3_composed,v1
2025-01-02,Toumani Camara,POR,LAL,fg3,1.2832083381901873,1.4193548387096773,-0.13614650051948995,,nbinom,0.16167095985722266,0,minutes_lt_10,fg3_composed,v1
